book_id,user_id,rating
1,1,4
14,1,5
9,1,4
2,1,4
16,1,5
6,1,4
20,1,4
12,1,5
4,1,5
5,1,5
18,1,5
13,1,4
19,1,5
17,1,4
3,1,4
10,1,4
7,1,4
8,1,4
11,1,5
1,2,5
3,2,4
19,2,4
11,2,5
9,2,4
15,2,4
7,2,4
5,2,5
12,2,5
16,2,5
10,2,5
13,2,5
6,2,4
20,2,4
2,2,4
18,2,4
8,2,4
7,3,4
4,3,5
17,3,4
9,3,4
10,3,4
16,3,4
2,3,5
15,3,5
13,3,4
18,3,4
20,3,4
14,3,4
1,3,5
19,3,4
11,3,4
6,3,4
8,3,4
12,3,4
3,3,4
5,3,4
10,4,4
14,4,5
12,4,4
15,4,5
18,4,5
4,4,4
2,4,4
16,4,5
19,4,5
5,4,5
17,4,4
11,4,4
8,4,4
6,4,4
7,4,4
3,4,4
9,4,4
13,4,4
20,4,4
1,4,4
11,5,5
5,5,4
4,5,4
20,5,3
12,5,4
6,5,4
14,5,4
13,5,4
10,5,4
17,5,4
16,5,4
15,5,4
2,5,4
18,5,4
8,5,4
1,5,4
9,5,4
8,6,4
4,6,4
5,6,4
19,6,5
2,6,4
13,6,4
9,6,4
10,6,4
15,6,5
18,6,5
20,6,3
14,6,5
7,6,4
6,6,4
3,6,4
11,6,4
12,6,4
14,7,5
4,7,5
13,7,4
16,7,4
3,7,5
12,7,4
17,7,4
5,7,4
7,7,4
6,7,4
11,7,5
9,7,4
20,7,3
8,7,4
1,7,5
18,7,4
16,8,4
2,8,5
17,8,3
10,8,4
3,8,4
9,8,4
19,8,4
6,8,3
4,8,5
7,8,4
20,8,4
13,8,4
14,8,4
12,8,4
18,8,4
8,8,4
1,8,5
5,8,4
11,8,4
15,8,4
9,9,4
8,9,4
2,9,5
3,9,4
11,9,5
6,9,4
1,9,5
19,9,5
7,9,4
16,9,4
13,9,4
10,9,4
12,9,4
20,9,4
4,9,5
18,9,4
14,9,4
17,9,4
15,9,4
5,9,4
3,10,4
6,10,4
12,10,5
17,10,4
14,10,5
16,10,5
13,10,4
1,10,4
15,10,5
20,10,4
11,10,5
18,10,5
5,10,5
19,10,5
4,10,4
7,10,4
17,11,4
20,11,4
13,11,4
2,11,4
6,11,4
10,11,4
1,11,4
8,11,4
7,11,4
19,11,4
14,11,4
18,11,4
11,11,5
4,11,5
9,11,4
12,11,5
3,11,4
6,12,4
15,12,5
14,12,5
11,12,5
5,12,5
17,12,4
1,12,4
18,12,5
9,12,4
8,12,4
4,12,5
20,12,4
12,12,5
2,12,4
16,12,5
13,12,4
3,12,4
7,13,4
15,13,4
3,13,4
2,13,4
14,13,4
20,13,4
12,13,5
10,13,4
16,13,4
19,13,4
13,13,5
17,13,4
1,13,4
6,13,4
11,13,5
4,13,5
8,14,4
11,14,5
6,14,4
14,14,4
7,14,4
17,14,4
2,14,5
13,14,5
12,14,5
4,14,4
16,14,4
15,14,5
9,14,5
19,14,4
1,14,4
3,14,4
18,14,4
3,15,4
11,15,4
7,15,4
13,15,4
14,15,5
9,15,4
6,15,4
2,15,4
19,15,5
16,15,4
18,15,5
12,15,5
15,15,5
20,15,4
1,15,4
8,15,4
10,15,4
15,16,4
4,16,5
8,16,4
19,16,4
3,16,5
6,16,4
13,16,4
7,16,4
17,16,4
18,16,4
11,16,5
16,16,4
20,16,4
2,16,5
14,16,4
10,16,4
12,16,4
9,16,4
5,16,4
1,16,5
16,17,5
5,17,5
8,17,4
14,17,5
15,17,5
11,17,5
1,17,4
7,17,4
20,17,4
6,17,4
19,17,5
2,17,4
18,17,5
9,17,4
3,17,4
10,17,4
4,17,4
13,17,4
17,17,4
12,17,4
7,18,4
20,18,4
14,18,4
9,18,4
1,18,4
17,18,4
19,18,4
4,18,4
18,18,4
16,18,4
6,18,4
5,18,4
12,18,5
13,18,5
3,18,4
19,19,5
13,19,4
10,19,4
7,19,4
16,19,5
4,19,4
6,19,4
15,19,5
1,19,4
17,19,4
3,19,4
2,19,4
9,19,4
11,19,4
8,19,4
16,20,4
20,20,4
9,20,4
4,20,5
18,20,4
17,20,4
12,20,5
11,20,5
10,20,4
6,20,4
13,20,5
7,20,4
3,20,5
19,20,4
8,20,4
20,21,4
1,21,4
7,21,4
12,21,5
3,21,4
19,21,4
9,21,4
6,21,4
8,21,4
16,21,4
14,21,4
17,21,4
5,21,5
15,21,5
11,21,5
10,21,4
18,21,4
4,21,4
14,22,5
10,22,4
17,22,4
9,22,4
5,22,4
4,22,5
12,22,4
8,22,4
19,22,5
3,22,4
13,22,4
1,22,4
15,22,5
16,22,5
20,22,4
18,22,5
10,23,4
19,23,4
5,23,4
9,23,4
11,23,4
4,23,4
7,23,3
15,23,4
12,23,4
13,23,4
17,23,4
6,23,4
20,23,4
2,23,4
3,23,4
14,23,4
1,23,4
18,23,4
8,23,3
6,24,4
17,24,4
12,24,4
19,24,5
9,24,5
8,24,4
3,24,4
18,24,4
11,24,5
1,24,4
13,24,4
10,24,4
20,24,4
2,24,4
7,24,4
15,24,4
14,24,4
3,25,4
15,25,5
9,25,5
10,25,4
8,25,4
17,25,4
12,25,5
1,25,4
18,25,5
19,25,5
16,25,5
6,25,4
20,25,4
5,25,4
7,25,4
10,26,5
9,26,4
12,26,5
11,26,5
18,26,5
16,26,5
4,26,5
17,26,4
1,26,5
14,26,5
5,26,5
13,26,4
6,26,4
19,26,5
15,26,5
13,27,5
15,27,4
12,27,5
1,27,4
10,27,4
3,27,4
20,27,4
4,27,4
11,27,5
2,27,4
9,27,4
18,27,4
14,27,4
6,27,4
5,27,5
7,27,4
17,27,4
8,27,4
19,27,4
16,27,4
10,28,4
17,28,4
6,28,4
16,28,4
20,28,4
12,28,4
15,28,4
18,28,4
8,28,4
9,28,5
5,28,4
1,28,5
4,28,5
14,28,4
7,28,5
11,28,4
4,29,4
12,29,4
15,29,5
17,29,4
7,29,4
5,29,5
6,29,4
20,29,4
3,29,5
1,29,4
18,29,4
16,29,5
9,29,4
2,29,5
11,29,5
10,29,4
14,29,4
11,30,5
4,30,4
7,30,4
10,30,4
3,30,4
9,30,4
17,30,4
14,30,5
8,30,4
2,30,4
1,30,4
19,30,5
15,30,5
13,30,4
12,30,4
20,30,4
6,30,4
18,31,4
5,31,5
20,31,4
4,31,4
16,31,4
19,31,4
7,31,4
10,31,4
11,31,5
6,31,4
3,31,4
15,31,4
12,31,5
2,31,4
8,31,4
1,31,4
10,32,4
19,32,4
5,32,4
14,32,4
1,32,4
16,32,4
8,32,4
3,32,4
6,32,4
12,32,4
2,32,4
4,32,4
11,32,4
17,32,4
20,32,4
18,32,4
15,32,4
10,33,4
20,33,4
2,33,4
16,33,5
5,33,5
11,33,5
18,33,4
8,33,4
6,33,4
9,33,4
13,33,4
4,33,4
12,33,5
17,33,4
1,33,4
7,33,4
9,34,4
11,34,5
8,34,4
17,34,4
5,34,5
3,34,5
1,34,5
4,34,5
16,34,5
13,34,5
12,34,5
18,34,4
15,34,5
14,34,4
10,34,4
19,34,5
6,34,4
2,34,5
7,34,4
4,35,5
16,35,4
14,35,5
18,35,4
1,35,5
7,35,4
13,35,4
11,35,5
10,35,4
15,35,4
9,35,4
20,35,4
5,35,5
17,35,4
3,35,5
2,35,5
6,35,4
12,35,5
19,35,4
20,36,3
13,36,5
3,36,4
18,36,4
19,36,4
9,36,3
1,36,4
17,36,3
6,36,3
11,36,5
5,36,5
7,36,3
2,36,4
15,36,4
14,36,4
12,36,5
17,37,4
7,37,4
9,37,4
2,37,4
10,37,4
14,37,4
3,37,4
4,37,4
6,37,4
19,37,4
8,37,4
13,37,4
1,37,4
16,37,4
12,37,4
18,37,4
15,37,4
5,37,4
11,37,4
20,37,4
7,38,4
6,38,4
5,38,5
13,38,5
9,38,4
3,38,4
4,38,4
12,38,5
17,38,4
8,38,4
16,38,4
18,38,4
20,38,4
19,38,4
14,38,4
10,38,4
11,38,5
1,38,4
2,38,4
15,38,4
13,39,4
16,39,4
17,39,4
8,39,4
2,39,5
6,39,4
4,39,5
14,39,5
10,39,4
11,39,4
19,39,5
9,39,4
18,39,4
3,39,5
5,39,5
12,40,5
9,40,4
10,40,4
17,40,4
1,40,4
7,40,4
18,40,4
6,40,4
16,40,4
8,40,4
3,40,4
11,40,5
15,40,5
5,40,5
4,40,4
20,40,4
14,40,4
2,40,4
14,41,4
6,41,4
8,41,4
11,41,5
13,41,5
20,41,4
16,41,4
15,41,4
1,41,5
17,41,4
3,41,4
2,41,5
9,41,4
10,41,4
7,41,4
10,42,4
15,42,4
2,42,4
13,42,5
12,42,5
18,42,4
16,42,4
7,42,4
14,42,4
6,42,4
11,42,5
17,42,4
19,42,4
9,42,4
3,42,4
20,42,4
1,42,4
5,42,5
8,42,4
4,42,4
11,43,4
3,43,4
7,43,4
10,43,4
20,43,4
2,43,4
14,43,4
6,43,4
16,43,4
17,43,4
9,43,4
1,43,4
12,43,4
15,43,4
18,43,4
4,43,4
5,43,4
8,43,4
19,43,4
13,43,4
5,44,4
19,44,5
8,44,4
12,44,4
11,44,4
17,44,4
7,44,4
16,44,5
1,44,4
6,44,3
13,44,4
15,44,5
9,44,4
10,44,4
20,44,4
4,44,4
4,45,4
6,45,4
12,45,5
17,45,4
20,45,4
13,45,5
1,45,4
3,45,4
7,45,4
16,45,4
8,45,4
15,45,4
11,45,5
14,45,4
18,45,4
9,45,4
10,45,4
8,46,4
20,46,3
3,46,5
19,46,4
4,46,5
17,46,3
9,46,4
11,46,4
12,46,4
14,46,5
2,46,5
18,46,4
16,46,4
13,46,4
1,46,5
5,46,4
7,46,4
10,46,4
15,46,4
6,46,4
6,47,4
2,47,5
4,47,4
17,47,4
11,47,5
10,47,4
3,47,4
14,47,4
16,47,4
15,47,4
9,47,5
20,47,4
8,47,4
18,47,4
7,47,4
1,47,4
12,47,5
5,47,4
17,48,4
5,48,5
14,48,5
12,48,5
4,48,4
6,48,4
3,48,4
20,48,4
19,48,5
9,48,4
7,48,4
18,48,4
8,48,4
1,48,4
15,48,4
10,48,4
11,48,5
2,48,4
16,48,5
13,48,5
17,49,4
2,49,5
6,49,4
14,49,4
18,49,4
13,49,4
4,49,5
19,49,5
16,49,5
11,49,5
10,49,4
8,49,4
20,49,4
9,49,4
15,49,5
12,49,5
7,49,4
1,50,5
14,50,5
18,50,4
9,50,4
2,50,5
13,50,4
7,50,3
16,50,4
11,50,5
12,50,4
19,50,4
5,50,4
17,50,4
3,50,4
6,50,4
8,50,4
10,51,5
8,51,4
20,51,4
5,51,5
12,51,5
9,51,4
3,51,4
11,51,4
18,51,4
2,51,4
17,51,4
15,51,4
1,51,4
7,51,4
14,51,4
19,51,4
12,52,4
8,52,4
9,52,4
15,52,5
20,52,4
2,52,4
7,52,4
13,52,4
11,52,4
6,52,4
16,52,4
19,52,4
10,52,4
17,52,4
1,52,4
4,52,4
3,53,4
17,53,4
10,53,4
14,53,4
13,53,4
5,53,4
9,53,4
15,53,4
12,53,5
20,53,4
16,53,4
8,53,3
2,53,5
6,53,4
7,53,4
19,53,4
1,53,5
4,53,5
9,54,4
1,54,5
5,54,4
18,54,4
14,54,4
17,54,4
15,54,4
4,54,5
12,54,4
11,54,5
8,54,3
6,54,3
7,54,4
13,54,4
3,54,4
20,54,4
19,54,3
10,54,3
2,54,5
16,54,4
11,55,5
13,55,5
15,55,5
1,55,4
3,55,4
20,55,4
12,55,5
6,55,4
17,55,4
2,55,4
14,55,4
18,55,4
7,55,4
19,55,5
16,55,4
5,55,5
4,55,4
9,55,4
1,56,4
10,56,4
7,56,4
4,56,4
16,56,4
17,56,4
14,56,4
8,56,4
5,56,5
13,56,5
2,56,4
11,56,5
20,56,4
15,56,4
12,56,5
3,56,4
19,56,4
18,56,4
6,56,4
19,57,4
18,57,4
11,57,4
5,57,4
8,57,4
15,57,4
10,57,4
6,57,4
16,57,4
13,57,4
2,57,5
17,57,4
3,57,4
9,57,4
7,57,5
10,58,4
2,58,4
19,58,4
11,58,4
7,58,4
12,58,4
13,58,4
3,58,4
5,58,4
15,58,4
18,58,4
17,58,4
16,58,4
9,58,4
20,58,4
1,58,4
8,58,4
4,58,4
9,59,4
19,59,4
1,59,5
5,59,4
10,59,3
15,59,4
2,59,5
13,59,4
11,59,4
3,59,3
18,59,4
17,59,4
14,59,4
12,59,4
16,59,4
7,59,4
4,59,4
4,60,4
13,60,5
6,60,3
2,60,4
20,60,3
12,60,5
15,60,4
14,60,4
10,60,4
7,60,3
3,60,4
17,60,4
8,60,4
16,60,4
18,60,3
1,60,4
4,61,4
19,61,5
20,61,4
8,61,4
6,61,4
11,61,4
5,61,4
18,61,5
3,61,4
14,61,5
10,61,4
16,61,5
13,61,4
2,61,4
7,61,4
9,61,4
15,61,5
12,61,4
5,62,5
18,62,4
16,62,4
11,62,5
1,62,4
14,62,4
4,62,5
20,62,4
13,62,4
10,62,5
8,62,4
7,62,4
9,62,5
15,62,5
19,62,4
17,63,4
8,63,4
1,63,5
7,63,4
5,63,4
9,63,4
18,63,4
2,63,5
20,63,4
16,63,4
12,63,4
15,63,4
6,63,4
14,63,4
19,63,4
10,63,4
4,63,5
13,63,4
11,63,5
9,64,4
5,64,5
20,64,4
8,64,4
10,64,4
6,64,4
14,64,4
12,64,5
16,64,4
18,64,4
17,64,4
19,64,4
11,64,5
2,64,4
15,64,4
13,64,5
3,64,4
18,65,5
12,65,4
6,65,4
7,65,4
10,65,4
8,65,4
17,65,4
4,65,4
13,65,4
5,65,4
14,65,5
19,65,5
2,65,4
3,65,4
9,65,4
16,65,5
20,65,4
15,65,5
1,65,4
11,65,4
1,66,5
7,66,4
17,66,4
9,66,4
16,66,4
10,66,4
13,66,4
5,66,4
20,66,4
12,66,4
8,66,3
3,66,4
11,66,5
6,66,4
15,66,4
1,67,4
20,67,4
11,67,4
7,67,4
9,67,4
16,67,4
3,67,4
15,67,4
13,67,4
6,67,3
18,67,4
5,67,4
19,67,4
17,67,4
12,67,5
2,67,4
12,68,4
2,68,4
6,68,4
16,68,4
9,68,4
19,68,4
3,68,4
4,68,4
8,68,4
18,68,4
13,68,4
11,68,5
14,68,4
20,68,4
7,68,4
15,68,4
10,68,4
14,69,4
10,69,5
20,69,4
16,69,4
15,69,5
1,69,4
18,69,4
11,69,5
17,69,4
5,69,5
6,69,4
12,69,5
3,69,4
19,69,5
4,69,5
7,69,4
8,69,4
9,69,5
2,69,4
17,70,4
12,70,4
3,70,4
13,70,4
8,70,4
19,70,4
11,70,4
4,70,5
20,70,3
14,70,4
1,70,5
18,70,4
16,70,4
7,70,4
6,70,4
5,70,4
2,70,5
9,70,4
2,71,5
5,71,4
7,71,4
3,71,5
10,71,4
9,71,4
18,71,4
6,71,4
17,71,4
14,71,5
1,71,5
20,71,4
11,71,4
12,71,5
16,71,4
15,71,5
4,71,5
18,72,5
5,72,5
7,72,4
17,72,4
1,72,4
2,72,5
10,72,5
14,72,4
8,72,4
3,72,4
4,72,4
9,72,4
6,72,4
20,72,4
12,72,5
18,73,4
12,73,4
1,73,5
14,73,4
16,73,4
15,73,4
13,73,4
4,73,5
3,73,4
9,73,4
5,73,5
6,73,4
19,73,4
17,73,4
7,73,4
2,73,5
8,73,4
20,73,4
11,73,5
18,74,5
20,74,4
1,74,4
6,74,4
19,74,5
9,74,4
2,74,4
14,74,5
4,74,4
11,74,4
5,74,4
8,74,4
10,74,3
16,74,5
17,74,4
15,74,5
7,74,4
13,75,5
1,75,5
18,75,5
2,75,5
9,75,4
17,75,4
12,75,5
15,75,5
14,75,5
11,75,5
3,75,5
4,75,5
19,75,4
20,75,4
16,75,4
7,75,4
8,75,4
10,75,4
20,76,4
11,76,5
13,76,4
19,76,4
12,76,4
14,76,4
7,76,4
10,76,4
2,76,5
8,76,4
16,76,4
18,76,4
4,76,4
3,76,4
9,76,4
13,77,4
5,77,5
9,77,4
20,77,4
16,77,5
12,77,5
15,77,5
6,77,4
19,77,5
18,77,5
4,77,4
7,77,4
2,77,5
17,77,5
1,77,4
10,77,4
14,77,5
4,78,4
12,78,4
17,78,4
7,78,3
13,78,4
10,78,4
16,78,5
15,78,5
3,78,4
9,78,4
2,78,4
19,78,5
11,78,4
8,78,4
20,78,3
1,79,4
16,79,4
6,79,4
5,79,5
15,79,4
4,79,4
14,79,4
8,79,4
13,79,4
19,79,5
2,79,4
10,79,4
3,79,4
11,79,5
7,79,4
12,79,4
6,80,4
11,80,5
15,80,4
5,80,5
8,80,4
10,80,4
19,80,4
12,80,5
3,80,4
14,80,4
9,80,4
16,80,4
7,80,4
20,80,3
18,80,4
17,80,4
1,80,4
13,80,5
2,80,4
4,80,4
5,81,4
17,81,4
18,81,5
11,81,5
2,81,4
9,81,5
12,81,4
15,81,5
16,81,5
7,81,4
1,81,5
20,81,4
10,81,4
3,81,4
14,81,5
8,81,4
19,82,5
18,82,5
12,82,4
10,82,4
8,82,4
16,82,5
5,82,5
20,82,4
13,82,4
17,82,4
9,82,4
2,82,4
6,82,4
14,82,5
3,82,4
7,82,4
1,82,4
15,82,5
4,82,4
15,83,4
14,83,5
2,83,5
4,83,5
17,83,4
8,83,4
13,83,4
18,83,4
11,83,4
6,83,4
19,83,4
3,83,4
16,83,4
12,83,4
1,83,5
20,83,3
10,83,3
12,84,4
4,84,5
16,84,4
9,84,4
18,84,5
7,84,4
20,84,4
5,84,5
11,84,5
14,84,5
17,84,4
6,84,4
3,84,5
19,84,5
2,84,5
13,84,4
17,85,4
7,85,3
1,85,5
12,85,4
4,85,5
6,85,4
10,85,4
14,85,5
16,85,4
20,85,3
8,85,4
18,85,4
5,85,4
11,85,4
3,85,5
15,85,4
13,85,4
12,86,4
2,86,5
6,86,4
15,86,4
19,86,5
11,86,5
18,86,4
17,86,4
3,86,5
1,86,5
20,86,4
10,86,4
7,86,4
14,86,5
13,86,4
5,87,5
8,87,4
4,87,4
13,87,5
9,87,4
14,87,4
6,87,4
16,87,4
7,87,4
3,87,4
17,87,4
20,87,4
18,87,4
1,87,4
15,87,4
11,87,5
19,87,4
16,88,5
10,88,4
18,88,4
12,88,5
4,88,5
3,88,4
9,88,5
5,88,5
15,88,4
1,88,5
11,88,5
17,88,4
20,88,4
2,88,5
6,88,4
13,88,5
19,88,5
7,88,4
8,88,4
14,88,4
10,89,4
9,89,4
6,89,4
15,89,5
1,89,5
8,89,4
19,89,4
4,89,5
17,89,4
3,89,4
13,89,5
18,89,4
5,89,5
12,89,5
7,89,4
2,89,5
14,89,4
16,90,4
9,90,4
14,90,4
7,90,4
17,90,4
19,90,4
12,90,4
3,90,4
11,90,5
8,90,4
10,90,4
15,90,5
4,90,4
18,90,4
6,90,4
1,90,4
5,90,5
2,90,4
15,91,4
1,91,4
3,91,4
8,91,4
5,91,4
13,91,4
9,91,4
6,91,3
20,91,4
4,91,4
18,91,4
16,91,4
10,91,3
12,91,4
7,91,4
17,91,4
2,91,4
11,91,4
14,91,4
11,92,5
12,92,5
15,92,4
7,92,3
16,92,4
20,92,4
19,92,4
4,92,4
3,92,4
14,92,4
13,92,4
6,92,4
9,92,4
2,92,4
8,92,4
5,92,4
18,92,5
10,92,4
9,93,4
4,93,5
5,93,5
16,93,4
15,93,4
1,93,5
10,93,4
7,93,4
8,93,4
11,93,5
14,93,5
2,93,5
18,93,4
20,93,4
17,93,4
3,94,4
12,94,4
15,94,5
6,94,3
2,94,4
19,94,5
9,94,4
4,94,5
1,94,4
5,94,5
7,94,4
17,94,4
10,94,4
11,94,4
16,94,5
4,95,4
20,95,4
15,95,4
9,95,4
6,95,4
5,95,5
2,95,4
17,95,4
16,95,4
19,95,4
13,95,5
7,95,4
18,95,4
3,95,4
14,95,4
10,95,4
8,95,4
5,96,4
9,96,4
20,96,4
6,96,4
18,96,4
15,96,5
4,96,4
7,96,4
13,96,4
16,96,5
2,96,4
10,96,4
1,96,4
12,96,5
11,96,5
17,96,4
8,96,4
14,96,4
3,96,4
19,96,4
7,97,4
19,97,5
12,97,5
3,97,4
11,97,4
16,97,4
2,97,4
18,97,4
8,97,4
5,97,5
9,97,5
4,97,5
14,97,4
10,97,4
15,97,4
13,97,4
6,97,4
14,98,4
17,98,4
3,98,4
10,98,4
13,98,5
11,98,5
5,98,5
8,98,3
6,98,3
16,98,4
1,98,4
12,98,5
20,98,4
4,98,4
18,98,4
19,98,4
2,98,4
15,98,4
7,98,4
14,99,5
19,99,4
12,99,5
17,99,4
13,99,4
8,99,4
3,99,5
16,99,4
10,99,4
7,99,3
9,99,4
1,99,5
4,99,5
20,99,4
2,99,5
11,99,4
6,100,4
5,100,5
20,100,4
1,100,5
14,100,4
18,100,4
4,100,5
10,100,4
12,100,4
16,100,5
19,100,4
7,100,5
9,100,4
11,100,5
15,100,5
17,100,4
8,100,4
3,100,4
2,100,5
20,101,4
2,101,4
13,101,5
7,101,4
15,101,4
19,101,4
16,101,4
10,101,3
14,101,4
12,101,5
8,101,4
6,101,4
5,101,5
3,101,4
9,101,4
1,101,4
18,101,4
16,102,4
14,102,4
4,102,4
8,102,4
19,102,4
5,102,5
15,102,4
20,102,4
3,102,4
1,102,4
11,102,5
6,102,4
18,102,4
10,102,4
9,102,4
12,102,5
2,102,4
11,103,5
8,103,4
2,103,4
1,103,4
20,103,4
9,103,4
6,103,4
17,103,4
19,103,4
3,103,4
18,103,4
4,103,4
13,103,4
7,103,4
10,103,4
14,103,4
16,103,4
5,103,5
3,104,4
15,104,4
1,104,4
13,104,4
8,104,4
2,104,4
9,104,4
12,104,5
16,104,4
10,104,4
6,104,4
17,104,4
11,104,4
14,104,4
7,104,3
10,105,4
13,105,4
9,105,4
3,105,4
6,105,3
20,105,4
8,105,4
2,105,5
19,105,4
5,105,4
14,105,4
17,105,4
11,105,4
16,105,4
1,105,5
18,105,4
12,105,4
15,105,4
7,105,4
11,106,5
5,106,4
20,106,4
9,106,4
17,106,4
14,106,5
15,106,4
13,106,4
6,106,4
8,106,4
4,106,5
18,106,4
3,106,5
1,106,5
19,106,4
5,107,5
3,107,4
10,107,4
19,107,4
2,107,5
20,107,4
16,107,4
9,107,5
13,107,4
11,107,4
17,107,4
1,107,5
12,107,4
6,107,4
18,107,4
15,107,4
7,107,5
14,107,4
8,107,4
7,108,4
18,108,5
9,108,4
12,108,4
5,108,5
11,108,5
14,108,4
10,108,4
16,108,4
20,108,4
8,108,4
6,108,4
4,108,5
13,108,4
2,108,4
17,108,4
19,108,4
15,108,5
1,108,4
3,108,4
9,109,4
2,109,4
15,109,4
18,109,4
5,109,5
14,109,4
16,109,5
7,109,4
19,109,5
4,109,4
11,109,5
13,109,4
8,109,4
3,109,4
1,109,4
12,109,4
10,109,4
17,109,4
6,109,4
20,109,4
12,110,4
16,110,4
17,110,4
7,110,3
1,110,4
18,110,4
2,110,4
4,110,4
19,110,4
5,110,4
11,110,4
10,110,4
6,110,4
3,110,4
9,110,4
8,110,4
14,110,4
15,110,5
13,110,4
20,110,4
18,111,4
8,111,4
20,111,3
12,111,5
11,111,5
13,111,5
2,111,5
19,111,4
6,111,4
17,111,4
9,111,4
14,111,4
10,111,4
7,111,4
1,111,4
5,111,5
4,111,4
15,111,4
3,111,4
15,112,4
16,112,4
11,112,5
19,112,4
3,112,4
5,112,4
1,112,4
7,112,4
9,112,4
10,112,4
14,112,4
12,112,4
20,112,4
6,112,4
8,112,4
13,112,4
2,112,4
17,112,4
20,113,4
8,113,4
10,113,4
12,113,4
4,113,5
15,113,4
1,113,5
11,113,4
17,113,4
2,113,5
6,113,4
19,113,4
7,113,4
18,113,4
5,113,5
13,113,5
14,113,4
9,113,4
16,113,4
1,114,4
6,114,3
4,114,4
11,114,5
5,114,5
16,114,4
8,114,4
3,114,4
19,114,4
9,114,4
14,114,4
12,114,5
17,114,4
13,114,5
7,114,3
10,114,3
2,114,4
20,114,4
2,115,5
15,115,4
17,115,4
4,115,5
3,115,4
19,115,4
11,115,4
1,115,5
9,115,4
20,115,4
18,115,4
10,115,4
5,115,5
6,115,4
16,115,5
7,115,4
12,115,4
7,116,4
1,116,5
8,116,4
4,116,5
13,116,4
3,116,3
19,116,4
14,116,4
11,116,5
12,116,4
6,116,4
15,116,4
16,116,4
10,116,4
18,116,4
8,117,4
17,117,4
3,117,4
1,117,4
5,117,5
19,117,4
14,117,4
20,117,4
4,117,4
15,117,4
12,117,5
10,117,4
7,117,4
11,117,5
9,117,4
16,117,4
6,118,4
16,118,4
11,118,5
12,118,4
4,118,4
18,118,4
1,118,4
9,118,4
13,118,4
14,118,4
3,118,4
10,118,4
15,118,5
5,118,4
17,118,4
20,119,4
12,119,4
10,119,4
9,119,4
18,119,5
5,119,4
1,119,4
11,119,5
13,119,4
4,119,4
2,119,4
14,119,4
3,119,4
8,119,4
6,119,4
15,119,4
16,119,4
17,119,4
12,120,5
5,120,4
20,120,4
16,120,4
2,120,5
9,120,4
18,120,4
17,120,4
10,120,4
15,120,4
6,120,4
14,120,4
1,120,4
11,120,5
7,120,4
8,120,4
13,120,5
19,120,5
3,120,4
4,120,5
10,121,4
3,121,4
4,121,4
11,121,5
18,121,4
8,121,4
19,121,4
5,121,4
7,121,4
6,121,4
16,121,4
20,121,4
9,121,4
12,121,4
15,121,4
14,121,4
2,121,4
1,121,4
20,122,4
5,122,5
9,122,4
10,122,4
13,122,5
17,122,4
12,122,5
3,122,4
2,122,4
11,122,5
4,122,4
8,122,4
19,122,4
16,122,4
15,122,4
18,122,4
11,123,5
19,123,4
18,123,4
9,123,4
3,123,4
12,123,5
16,123,4
15,123,5
5,123,5
2,123,4
13,123,4
14,123,4
4,123,4
1,123,4
20,123,4
17,123,4
14,124,5
3,124,4
6,124,4
20,124,4
13,124,4
2,124,5
17,124,4
19,124,5
5,124,5
12,124,5
7,124,4
15,124,5
9,124,4
18,124,5
11,124,5
10,124,5
4,124,4
1,124,5
16,124,5
8,124,5
12,125,5
20,125,4
11,125,5
6,125,4
4,125,5
5,125,5
8,125,4
17,125,4
13,125,4
18,125,5
10,125,4
19,125,5
14,125,5
7,125,4
16,125,4
9,125,4
1,125,5
3,126,4
4,126,4
13,126,5
2,126,4
7,126,4
14,126,4
12,126,5
20,126,4
18,126,4
15,126,4
8,126,4
9,126,4
6,126,4
17,126,4
19,126,4
16,126,4
5,126,5
10,126,4
5,127,5
6,127,4
7,127,4
4,127,4
17,127,4
19,127,5
11,127,4
9,127,4
16,127,4
8,127,4
13,127,4
14,127,4
15,127,4
12,127,4
18,127,4
20,127,4
9,128,4
3,128,4
5,128,4
18,128,4
7,128,4
19,128,4
17,128,4
6,128,4
8,128,4
13,128,4
10,128,4
15,128,4
1,128,5
16,128,4
12,128,5
14,128,5
2,128,5
9,129,5
4,129,5
2,129,5
6,129,4
12,129,5
1,129,4
8,129,4
13,129,5
17,129,4
14,129,4
10,129,4
3,129,4
15,129,5
18,129,4
19,129,5
7,129,4
16,129,5
5,129,5
11,129,5
20,129,4
3,130,4
7,130,5
1,130,5
19,130,5
17,130,4
13,130,4
14,130,4
4,130,5
5,130,5
10,130,4
18,130,4
20,130,4
16,130,4
12,130,5
9,130,4
15,130,5
8,131,4
5,131,4
6,131,4
19,131,4
1,131,5
2,131,5
7,131,4
3,131,5
13,131,4
20,131,4
15,131,4
4,131,5
9,131,4
14,131,5
17,131,4
11,131,5
10,131,4
19,132,4
4,132,5
18,132,4
13,132,5
7,132,4
14,132,5
3,132,5
11,132,5
6,132,4
10,132,4
20,132,4
15,132,5
17,132,4
8,132,4
9,132,4
5,132,5
2,132,5
2,133,4
13,133,5
20,133,4
14,133,4
19,133,4
9,133,4
8,133,4
12,133,5
7,133,4
18,133,4
10,133,4
11,133,5
17,133,4
1,133,4
6,133,4
5,133,5
4,133,4
16,133,4
16,134,4
11,134,5
13,134,4
18,134,5
1,134,4
3,134,4
5,134,5
17,134,4
14,134,4
7,134,4
9,134,5
15,134,4
8,134,4
2,134,5
4,134,5
6,134,4
12,134,5
10,134,4
20,134,4
19,135,4
6,135,4
14,135,4
12,135,5
4,135,5
17,135,4
5,135,5
13,135,4
9,135,4
10,135,5
1,135,4
18,135,5
7,135,4
2,135,4
11,135,5
3,135,4
16,135,4
8,135,4
20,135,4
15,135,5
3,136,4
11,136,5
20,136,4
16,136,4
4,136,4
6,136,4
10,136,4
2,136,4
13,136,5
12,136,5
9,136,4
18,136,4
15,136,4
5,136,5
14,136,4
7,136,3
17,136,4
15,137,5
17,137,4
20,137,4
1,137,4
16,137,4
14,137,4
12,137,5
5,137,5
2,137,4
11,137,5
4,137,5
7,137,4
6,137,4
13,137,4
18,137,4
19,137,5
8,137,4
17,138,4
11,138,5
20,138,4
8,138,4
18,138,5
2,138,4
6,138,4
19,138,5
7,138,4
10,138,4
16,138,5
14,138,5
5,138,5
1,138,4
4,138,4
12,138,4
13,138,4
3,138,4
3,139,4
18,139,5
1,139,4
8,139,4
4,139,4
14,139,5
11,139,4
9,139,4
15,139,5
16,139,4
7,139,3
13,139,4
17,139,4
6,139,3
19,139,5
1,140,4
2,140,4
18,140,4
11,140,5
12,140,5
16,140,4
15,140,4
8,140,4
13,140,4
14,140,4
9,140,4
19,140,4
5,140,5
3,140,4
6,140,4
20,140,3
4,141,5
2,141,5
11,141,5
19,141,4
3,141,4
15,141,4
6,141,4
14,141,4
16,141,4
1,141,4
10,141,4
8,141,4
12,141,5
18,141,4
5,141,5
17,141,4
9,141,4
13,141,5
16,142,4
15,142,4
10,142,4
19,142,4
3,142,4
11,142,4
12,142,5
9,142,4
14,142,4
13,142,4
7,142,4
18,142,4
2,142,5
6,142,4
1,142,5
4,142,5
20,142,4
5,142,4
16,143,5
9,143,4
14,143,4
17,143,4
2,143,5
15,143,5
20,143,4
5,143,5
12,143,5
10,143,4
6,143,4
1,143,4
11,143,5
18,143,5
13,143,4
8,143,4
3,143,4
4,143,5
7,143,4
20,144,4
13,144,4
10,144,4
2,144,4
19,144,4
16,144,4
7,144,4
9,144,4
18,144,4
4,144,4
3,144,4
17,144,4
1,144,4
11,144,5
15,144,5
14,144,4
5,144,4
8,144,4
12,144,4
12,145,4
19,145,4
2,145,5
18,145,4
5,145,4
7,145,4
4,145,5
13,145,4
17,145,3
3,145,4
10,145,4
8,145,4
11,145,4
15,145,5
20,145,4
9,145,4
1,145,5
14,145,4
20,146,3
19,146,4
13,146,4
5,146,5
4,146,5
18,146,4
2,146,5
16,146,4
17,146,4
1,146,5
10,146,4
12,146,4
6,146,4
8,146,4
11,146,4
7,146,4
14,146,4
3,146,4
15,146,4
10,147,4
20,147,4
3,147,5
7,147,4
6,147,5
8,147,4
1,147,5
9,147,4
2,147,5
16,147,5
12,147,5
18,147,5
14,147,5
15,147,4
4,147,5
17,147,5
5,147,5
13,147,5
11,147,5
3,148,4
1,148,4
10,148,4
11,148,4
19,148,4
7,148,4
5,148,5
12,148,4
8,148,4
6,148,4
15,148,4
2,148,5
16,148,4
13,148,4
17,148,4
19,149,4
8,149,4
5,149,4
11,149,4
10,149,4
15,149,4
18,149,4
1,149,5
6,149,3
2,149,5
9,149,4
17,149,4
16,149,4
20,149,4
12,149,4
7,149,4
9,150,4
17,150,4
15,150,4
19,150,5
3,150,4
10,150,4
7,150,4
1,150,4
16,150,5
20,150,4
13,150,5
2,150,5
11,150,5
5,150,5
6,150,4
12,150,5
3,151,4
14,151,5
4,151,4
9,151,4
6,151,3
8,151,4
12,151,5
20,151,4
16,151,5
10,151,4
5,151,4
19,151,5
2,151,4
17,151,4
18,151,5
7,151,4
11,151,4
1,151,4
13,151,4
15,151,5
15,152,5
10,152,4
8,152,4
7,152,4
17,152,4
6,152,4
19,152,5
14,152,5
16,152,5
13,152,4
9,152,4
2,152,4
12,152,5
18,152,5
1,152,4
20,152,4
4,152,5
11,152,5
20,153,4
14,153,4
4,153,4
11,153,5
10,153,4
19,153,4
9,153,4
1,153,4
5,153,4
15,153,5
6,153,4
18,153,4
2,153,5
16,153,5
7,153,4
12,153,5
3,153,4
8,153,4
8,154,4
10,154,4
14,154,4
4,154,5
17,154,4
1,154,4
11,154,4
7,154,4
6,154,4
2,154,4
20,154,3
18,154,4
3,154,4
15,154,4
9,154,4
19,155,4
13,155,5
14,155,4
6,155,4
1,155,3
8,155,4
11,155,5
12,155,5
20,155,4
3,155,4
15,155,4
5,155,5
18,155,4
4,155,4
7,155,4
2,155,5
17,155,4
10,155,4
9,155,4
18,156,4
19,156,4
15,156,4
9,156,4
6,156,4
11,156,4
4,156,5
13,156,4
2,156,5
5,156,5
1,156,5
17,156,4
12,156,4
14,156,5
8,156,4
3,157,4
15,157,5
1,157,4
7,157,4
5,157,5
18,157,4
12,157,5
2,157,4
16,157,4
9,157,4
11,157,5
6,157,4
13,157,5
19,157,4
20,157,4
4,157,4
8,157,4
14,157,4
17,157,4
13,158,4
16,158,4
1,158,4
14,158,4
12,158,4
4,158,4
18,158,4
17,158,4
9,158,4
3,158,4
10,158,4
6,158,4
15,158,5
7,158,4
19,158,5
5,158,4
20,158,4
19,159,5
15,159,5
20,159,3
4,159,4
9,159,4
10,159,4
5,159,4
11,159,4
2,159,4
13,159,4
8,159,4
3,159,4
6,159,3
16,159,5
1,159,4
18,159,5
12,159,4
14,159,5
7,159,3
1,160,4
13,160,5
8,160,4
11,160,4
15,160,4
18,160,4
16,160,5
3,160,4
5,160,4
17,160,4
19,160,4
9,160,4
12,160,4
2,160,4
10,160,4
4,160,4
6,160,4
14,160,4
4,161,5
20,161,4
15,161,5
10,161,4
18,161,5
17,161,4
7,161,4
1,161,4
14,161,4
8,161,4
13,161,4
6,161,4
12,161,5
16,161,4
11,161,5
2,161,5
19,162,5
9,162,4
15,162,5
10,162,4
14,162,5
4,162,4
17,162,4
2,162,4
12,162,5
5,162,4
13,162,4
18,162,5
6,162,4
1,162,4
3,162,4
20,162,4
7,162,4
8,162,4
16,162,5
11,162,4
10,163,4
9,163,4
20,163,4
16,163,4
18,163,4
19,163,4
5,163,4
2,163,5
1,163,5
8,163,3
17,163,4
15,163,4
14,163,5
4,163,5
7,163,4
11,163,4
6,163,4
13,163,4
3,163,4
12,163,4
2,164,5
4,164,5
1,164,4
19,164,5
17,164,4
8,164,4
14,164,4
6,164,4
10,164,5
7,164,4
15,164,5
3,164,4
9,164,5
18,164,4
12,164,4
13,164,5
20,164,4
11,164,5
16,164,4
19,165,5
13,165,4
20,165,3
14,165,5
5,165,4
9,165,4
1,165,4
16,165,5
8,165,4
17,165,4
2,165,4
3,165,4
4,165,4
11,165,4
12,165,4
10,165,4
6,165,4
15,165,5
16,166,4
18,166,4
15,166,4
9,166,4
8,166,4
5,166,5
13,166,4
19,166,4
20,166,4
10,166,5
12,166,5
1,166,5
2,166,5
4,166,5
6,166,4
11,166,5
13,167,4
6,167,4
3,167,4
12,167,4
19,167,5
18,167,4
2,167,4
10,167,4
11,167,5
9,167,4
20,167,4
8,167,4
16,167,4
15,167,4
5,167,5
4,167,5
4,168,5
1,168,5
19,168,4
16,168,4
14,168,4
20,168,4
17,168,4
15,168,4
3,168,4
12,168,5
18,168,4
7,168,4
10,168,4
13,168,4
6,168,4
8,168,4
11,168,4
9,168,4
2,168,5
12,169,5
10,169,4
2,169,4
6,169,4
18,169,4
20,169,4
3,169,4
9,169,4
11,169,5
16,169,4
15,169,5
19,169,5
17,169,4
4,169,4
8,169,4
14,169,4
1,169,4
7,169,4
5,169,4
14,170,5
3,170,4
17,170,4
18,170,4
8,170,4
2,170,5
13,170,4
1,170,5
19,170,4
5,170,4
9,170,4
10,170,4
16,170,4
15,170,4
7,170,3
20,170,3
18,171,4
5,171,5
1,171,4
14,171,4
17,171,4
8,171,4
7,171,4
16,171,5
2,171,4
9,171,5
19,171,5
10,171,4
12,171,5
4,171,4
13,171,5
15,171,5
20,171,4
10,172,5
8,172,4
9,172,4
13,172,5
12,172,5
4,172,5
2,172,5
7,172,4
19,172,5
20,172,5
5,172,5
15,172,5
18,172,5
3,172,4
11,172,5
17,172,5
8,173,3
2,173,4
4,173,4
18,173,4
16,173,4
15,173,5
19,173,5
13,173,4
20,173,3
14,173,5
1,173,4
5,173,4
17,173,3
3,173,3
6,173,4
9,173,4
19,174,4
3,174,5
8,174,4
18,174,4
14,174,5
12,174,4
16,174,4
7,174,4
20,174,3
11,174,5
4,174,5
10,174,4
13,174,4
9,174,4
2,174,5
8,175,4
10,175,4
20,175,4
9,175,4
4,175,4
3,175,4
6,175,4
18,175,5
2,175,5
14,175,5
17,175,4
11,175,5
7,175,4
12,175,4
19,175,5
7,176,4
13,176,5
18,176,4
19,176,5
1,176,4
16,176,5
17,176,4
9,176,4
4,176,5
20,176,4
11,176,5
6,176,4
3,176,4
2,176,5
5,176,4
14,176,4
10,176,4
8,176,4
12,176,5
11,177,4
14,177,5
15,177,5
7,177,3
3,177,4
4,177,4
18,177,5
13,177,4
1,177,4
20,177,4
5,177,4
12,177,4
10,177,4
8,177,3
17,177,4
19,177,5
6,177,4
7,178,4
1,178,4
17,178,4
3,178,4
8,178,4
15,178,5
5,178,5
2,178,4
6,178,4
10,178,4
14,178,5
12,178,4
18,178,5
9,178,3
19,178,5
13,178,4
11,178,4
4,178,4
16,179,5
2,179,5
5,179,5
9,179,4
3,179,4
19,179,4
11,179,4
18,179,4
8,179,4
6,179,4
10,179,4
4,179,5
7,179,4
13,179,4
20,179,4
17,179,4
14,179,4
11,180,5
14,180,4
13,180,5
10,180,4
6,180,4
8,180,4
1,180,4
2,180,4
9,180,4
17,180,4
16,180,4
4,180,4
12,180,5
19,180,4
20,180,3
17,181,5
10,181,4
14,181,5
19,181,4
7,181,4
6,181,4
1,181,5
8,181,4
4,181,5
3,181,5
13,181,5
2,181,5
15,181,5
11,181,5
9,181,4
18,181,4
11,182,5
6,182,4
3,182,4
2,182,4
9,182,4
5,182,4
16,182,5
8,182,4
12,182,4
7,182,3
13,182,4
18,182,5
19,182,5
17,182,4
15,182,5
20,182,4
1,182,4
10,182,4
11,183,4
17,183,4
1,183,5
19,183,4
16,183,4
2,183,5
3,183,4
13,183,4
6,183,4
8,183,4
14,183,5
18,183,4
10,183,4
7,183,5
9,183,4
20,183,4
4,183,5
10,184,4
17,184,4
20,184,4
16,184,5
7,184,5
8,184,4
13,184,4
18,184,4
12,184,5
5,184,5
9,184,4
4,184,5
6,184,4
11,184,5
3,184,4
14,184,4
15,184,4
2,184,5
17,185,3
20,185,4
10,185,4
12,185,5
11,185,5
2,185,5
6,185,4
16,185,4
14,185,4
5,185,4
9,185,4
4,185,5
15,185,4
19,185,4
7,185,4
13,185,4
1,185,5
18,185,4
3,185,4
8,185,4
12,186,4
19,186,4
10,186,4
17,186,4
1,186,5
13,186,4
3,186,4
9,186,4
6,186,4
5,186,4
11,186,4
8,186,4
18,186,4
4,186,5
7,186,4
16,186,4
20,186,4
2,186,5
15,186,4
14,186,4
3,187,4
2,187,5
4,187,4
15,187,5
7,187,4
10,187,4
6,187,4
11,187,5
18,187,4
12,187,5
20,187,4
16,187,4
8,187,4
19,187,4
17,187,4
14,187,4
9,187,5
5,187,5
1,187,4
13,187,4
20,188,4
2,188,4
6,188,4
16,188,5
1,188,4
8,188,4
18,188,5
4,188,4
7,188,4
17,188,4
5,188,4
3,188,4
13,188,5
11,188,4
9,188,4
15,188,5
14,188,5
12,188,5
10,188,4
19,188,5
20,189,4
16,189,4
15,189,5
18,189,4
5,189,5
4,189,5
6,189,4
3,189,4
17,189,4
7,189,5
1,189,5
9,189,4
13,189,5
19,189,4
14,189,4
11,189,5
8,189,4
2,190,4
6,190,3
16,190,4
14,190,4
19,190,4
12,190,5
20,190,4
15,190,4
17,190,4
13,190,5
1,190,4
9,190,4
7,190,4
8,190,4
10,190,4
3,190,4
18,190,4
4,190,4
11,190,5
5,190,5
8,191,4
2,191,5
17,191,4
7,191,4
13,191,5
1,191,4
14,191,5
6,191,4
19,191,4
12,191,5
18,191,4
10,191,5
15,191,5
11,191,5
20,191,4
6,192,4
15,192,5
9,192,4
12,192,4
7,192,4
4,192,5
10,192,4
3,192,4
11,192,4
5,192,4
8,192,4
14,192,4
19,192,4
1,192,5
20,192,4
16,192,4
13,192,4
6,193,4
7,193,4
4,193,4
12,193,4
18,193,4
5,193,4
17,193,3
15,193,4
11,193,4
1,193,4
14,193,4
16,193,4
13,193,4
2,193,4
8,193,4
2,194,4
16,194,5
12,194,4
7,194,3
15,194,5
18,194,5
3,194,4
14,194,5
20,194,4
10,194,4
6,194,4
4,194,5
19,194,5
11,194,5
1,194,4
9,194,4
13,194,4
5,194,4
10,195,4
2,195,4
20,195,3
4,195,4
3,195,4
12,195,5
14,195,4
8,195,4
13,195,5
5,195,5
11,195,5
17,195,4
9,195,4
6,195,4
19,195,4
16,195,4
7,195,4
18,195,4
15,195,4
3,196,4
14,196,4
2,196,5
16,196,5
6,196,4
19,196,4
15,196,4
18,196,4
10,196,4
7,196,4
20,196,4
9,196,4
5,196,4
4,196,5
12,196,4
17,196,4
1,196,5
2,197,5
5,197,4
16,197,4
7,197,3
18,197,4
15,197,4
19,197,4
4,197,5
14,197,4
3,197,5
9,197,4
12,197,4
10,197,4
13,197,4
1,197,5
8,197,4
9,198,4
10,198,5
12,198,5
5,198,4
19,198,5
13,198,4
14,198,4
4,198,5
17,198,4
18,198,4
3,198,5
15,198,5
1,198,5
11,198,5
7,198,4
20,198,5
6,198,4
8,198,4
2,198,5
16,198,5
9,199,4
4,199,5
19,199,4
13,199,4
6,199,4
2,199,4
8,199,4
11,199,4
12,199,4
14,199,4
17,199,4
20,199,3
18,199,4
7,199,4
3,199,3
10,199,4
5,199,4
16,199,4
1,199,3
15,200,5
10,200,4
7,200,4
18,200,5
1,200,4
5,200,5
8,200,4
6,200,4
17,200,4
2,200,4
16,200,5
14,200,5
4,200,4
9,200,4
19,200,5
13,200,4
5,201,5
14,201,4
3,201,4
15,201,4
18,201,4
1,201,4
7,201,3
4,201,4
19,201,4
2,201,4
17,201,4
6,201,4
9,201,4
12,201,5
8,201,4
2,202,4
17,202,4
8,202,4
11,202,5
20,202,4
14,202,4
18,202,4
16,202,4
15,202,4
1,202,4
10,202,4
19,202,5
4,202,4
5,202,5
12,202,5
9,202,4
6,202,4
7,202,4
3,203,4
17,203,4
20,203,4
2,203,4
18,203,4
5,203,5
4,203,4
11,203,5
14,203,4
1,203,4
12,203,5
9,203,4
19,203,4
10,203,4
7,203,4
8,203,4
16,203,4
17,204,4
16,204,5
12,204,5
4,204,4
18,204,5
7,204,4
14,204,5
1,204,4
20,204,4
2,204,4
11,204,5
5,204,4
6,204,4
9,204,4
15,204,5
19,204,5
8,204,4
3,204,4
11,205,4
15,205,5
12,205,4
10,205,4
16,205,5
1,205,4
20,205,4
3,205,4
17,205,4
6,205,3
7,205,3
8,205,4
18,205,5
13,205,4
4,205,4
5,205,4
5,206,4
3,206,4
8,206,4
16,206,5
15,206,5
18,206,5
12,206,4
4,206,4
14,206,5
6,206,4
9,206,4
7,206,3
13,206,4
17,206,4
10,206,4
16,207,4
6,207,3
15,207,5
5,207,4
17,207,4
13,207,4
2,207,4
20,207,3
3,207,4
10,207,3
7,207,3
18,207,5
4,207,4
19,207,5
8,207,4
9,207,4
14,207,5
12,207,4
11,208,4
2,208,4
4,208,4
9,208,4
12,208,4
8,208,4
15,208,5
7,208,4
19,208,5
14,208,5
5,208,4
1,208,4
6,208,4
17,208,4
3,208,4
16,209,4
18,209,4
6,209,4
4,209,4
2,209,4
9,209,4
14,209,4
17,209,4
7,209,3
12,209,5
1,209,4
8,209,4
10,209,4
5,209,5
13,209,5
9,210,4
6,210,4
11,210,4
16,210,4
15,210,4
18,210,4
17,210,4
20,210,4
3,210,4
4,210,5
1,210,5
14,210,4
12,210,4
13,210,4
5,210,4
13,211,4
19,211,4
11,211,5
2,211,5
20,211,4
6,211,4
5,211,5
15,211,4
12,211,5
9,211,5
7,211,4
14,211,4
17,211,4
8,211,4
10,211,5
16,211,5
1,211,5
10,212,4
17,212,4
18,212,5
1,212,4
4,212,5
19,212,5
15,212,5
14,212,5
11,212,5
7,212,4
9,212,4
16,212,5
2,212,4
6,212,4
8,212,4
13,212,4
3,212,4
12,212,4
19,213,4
14,213,4
18,213,4
9,213,4
3,213,4
17,213,4
4,213,4
2,213,4
15,213,4
8,213,3
6,213,4
1,213,4
5,213,4
10,213,4
7,213,3
20,213,3
5,214,5
6,214,4
9,214,4
20,214,4
1,214,5
4,214,4
13,214,4
16,214,4
12,214,5
19,214,5
14,214,5
15,214,5
7,214,4
3,214,5
8,214,4
17,214,4
11,214,5
12,215,5
2,215,4
13,215,5
9,215,4
17,215,4
16,215,4
7,215,4
18,215,4
1,215,4
19,215,4
20,215,3
8,215,4
4,215,4
10,215,4
11,215,5
4,216,5
11,216,5
10,216,5
2,216,4
5,216,5
17,216,4
19,216,4
12,216,5
6,216,4
18,216,4
14,216,4
7,216,4
20,216,4
16,216,4
1,216,4
8,216,4
3,216,5
13,217,4
1,217,4
18,217,4
16,217,5
20,217,4
14,217,5
4,217,5
3,217,5
2,217,5
12,217,4
9,217,4
5,217,5
15,217,5
10,217,5
7,217,4
8,217,4
11,217,5
19,217,5
17,217,4
6,217,4
2,218,4
6,218,4
9,218,4
3,218,4
17,218,4
8,218,4
19,218,5
20,218,4
7,218,4
4,218,5
18,218,5
12,218,4
10,218,4
5,218,5
1,218,4
14,218,5
11,218,5
13,218,5
10,219,4
2,219,5
17,219,4
20,219,4
7,219,4
18,219,4
16,219,4
9,219,4
1,219,5
5,219,4
12,219,4
14,219,5
11,219,5
13,219,4
15,219,4
8,219,4
4,219,5
4,220,5
14,220,4
15,220,4
20,220,4
5,220,5
17,220,4
19,220,4
6,220,5
18,220,4
8,220,4
7,220,4
10,220,5
12,220,5
9,220,4
13,220,4
16,220,5
2,220,4
3,220,4
11,220,5
1,221,4
7,221,4
15,221,5
20,221,4
9,221,4
19,221,5
14,221,5
17,221,4
12,221,4
10,221,4
8,221,4
16,221,5
4,221,4
5,221,4
11,221,5
18,221,5
20,222,4
3,222,5
18,222,4
7,222,4
15,222,4
9,222,4
17,222,4
4,222,5
2,222,5
16,222,4
8,222,4
14,222,5
19,222,4
11,222,5
13,222,4
4,223,4
17,223,4
1,223,4
10,223,4
13,223,5
15,223,4
16,223,4
6,223,4
18,223,4
3,223,4
5,223,5
20,223,4
11,223,5
19,223,4
2,223,4
12,223,5
14,223,4
7,223,4
19,224,4
3,224,4
4,224,5
10,224,4
1,224,5
8,224,4
2,224,5
16,224,4
13,224,5
20,224,4
12,224,4
6,224,4
11,224,5
7,224,4
18,224,4
5,224,4
15,224,4
17,224,4
9,224,4
16,225,4
18,225,4
6,225,4
3,225,4
15,225,4
19,225,4
17,225,4
4,225,5
10,225,4
1,225,5
11,225,4
20,225,4
7,225,4
13,225,4
12,225,4
2,225,5
8,225,4
9,225,4
1,226,4
19,226,5
15,226,4
6,226,4
4,226,5
10,226,4
2,226,4
11,226,5
20,226,4
18,226,4
3,226,4
5,226,4
7,226,4
8,226,4
16,226,4
14,226,4
12,226,4
9,226,4
17,226,4
13,226,4
20,227,3
17,227,4
5,227,4
15,227,4
10,227,4
7,227,3
19,227,4
6,227,4
9,227,4
8,227,4
3,227,5
18,227,4
16,227,4
4,227,5
11,227,4
14,227,5
13,227,4
2,227,5
12,227,4
1,227,5
11,228,5
9,228,4
16,228,5
15,228,5
2,228,4
17,228,4
19,228,5
18,228,5
1,228,4
4,228,4
10,228,4
12,228,5
5,228,4
6,228,4
20,228,4
7,228,3
13,228,4
8,228,4
4,229,4
18,229,4
6,229,4
20,229,4
15,229,4
14,229,4
12,229,4
1,229,4
5,229,4
2,229,4
3,229,4
17,229,4
10,229,4
19,229,4
16,229,4
9,229,4
11,229,4
13,229,4
8,229,4
8,230,4
9,230,4
14,230,5
15,230,5
12,230,5
5,230,4
1,230,4
3,230,4
18,230,5
11,230,5
10,230,4
19,230,5
20,230,4
17,230,4
13,230,4
16,230,5
4,231,5
17,231,4
10,231,4
19,231,4
12,231,5
5,231,5
3,231,4
1,231,4
13,231,5
9,231,4
11,231,5
14,231,4
2,231,4
6,231,4
20,231,4
8,231,4
18,231,5
19,232,4
14,232,5
16,232,4
9,232,4
11,232,4
5,232,5
1,232,5
8,232,4
18,232,4
17,232,4
13,232,4
10,232,4
7,232,4
3,232,5
15,232,4
3,233,4
13,233,4
16,233,4
19,233,4
6,233,5
9,233,5
20,233,4
8,233,4
15,233,4
2,233,5
7,233,4
17,233,5
11,233,5
1,233,4
12,233,5
2,234,4
9,234,4
18,234,5
19,234,5
15,234,5
20,234,4
6,234,4
12,234,5
16,234,5
14,234,5
7,234,4
4,234,4
5,234,5
13,234,4
1,234,5
8,234,4
11,234,5
17,234,4
10,235,4
7,235,4
20,235,4
12,235,5
2,235,5
9,235,4
4,235,5
5,235,5
17,235,4
14,235,4
15,235,5
19,235,5
18,235,4
8,235,4
6,235,4
10,236,4
12,236,4
1,236,4
20,236,4
13,236,4
6,236,4
4,236,4
2,236,4
3,236,4
7,236,3
8,236,4
11,236,5
9,236,4
17,236,4
16,236,4
5,236,4
19,236,4
3,237,4
19,237,4
13,237,4
1,237,5
17,237,4
7,237,4
18,237,4
2,237,5
11,237,4
8,237,4
12,237,4
20,237,4
15,237,4
10,237,4
9,237,4
14,237,4
16,237,4
5,237,4
6,237,4
8,238,4
19,238,4
4,238,5
9,238,4
13,238,4
10,238,4
15,238,4
7,238,4
14,238,4
12,238,4
1,238,4
6,238,4
11,238,4
3,238,4
17,238,4
5,238,4
2,238,4
1,239,4
15,239,4
16,239,4
2,239,4
13,239,5
14,239,4
4,239,4
19,239,4
18,239,4
5,239,5
6,239,3
20,239,4
3,239,4
7,239,4
11,239,5
10,239,4
17,239,4
8,239,4
12,239,5
2,240,5
19,240,4
18,240,4
9,240,4
8,240,4
13,240,4
11,240,5
15,240,4
7,240,4
12,240,4
4,240,5
5,240,4
16,240,4
14,240,4
6,240,4
1,240,5
15,241,4
9,241,4
3,241,4
1,241,4
14,241,4
8,241,4
10,241,4
7,241,3
2,241,4
20,241,4
19,241,4
18,241,4
12,241,5
4,241,4
5,241,5
15,242,4
20,242,4
12,242,4
17,242,4
13,242,4
19,242,4
4,242,4
8,242,4
14,242,4
10,242,4
2,242,4
9,242,4
1,242,4
3,242,4
7,242,4
18,242,4
5,242,4
16,242,4
8,243,4
12,243,5
3,243,4
7,243,4
5,243,5
14,243,4
15,243,4
9,243,4
6,243,4
19,243,4
2,243,5
10,243,4
4,243,4
11,243,5
20,243,4
1,243,4
17,243,4
17,244,4
7,244,4
20,244,4
9,244,4
18,244,5
6,244,4
4,244,4
14,244,5
16,244,5
5,244,4
19,244,5
13,244,4
2,244,4
11,244,4
3,244,4
1,244,4
1,245,5
20,245,4
7,245,4
19,245,4
17,245,4
16,245,4
5,245,5
15,245,5
4,245,4
14,245,4
18,245,4
8,245,4
12,245,5
6,245,4
10,245,4
2,245,4
13,245,4
11,245,5
9,245,4
3,245,4
13,246,4
15,246,5
12,246,5
17,246,4
10,246,4
18,246,4
9,246,5
7,246,4
2,246,5
5,246,5
19,246,5
8,246,4
4,246,5
11,246,5
1,246,5
6,246,4
16,246,4
14,246,4
20,246,4
7,247,4
15,247,4
19,247,4
4,247,5
8,247,4
2,247,5
9,247,5
5,247,4
16,247,4
18,247,5
20,247,4
3,247,5
6,247,4
17,247,4
1,247,5
12,248,4
3,248,4
9,248,4
20,248,3
17,248,4
14,248,4
2,248,5
10,248,4
16,248,4
6,248,4
18,248,4
13,248,4
4,248,5
5,248,4
7,248,4
19,248,4
15,248,4
19,249,4
12,249,5
20,249,4
1,249,4
10,249,4
2,249,4
7,249,3
13,249,4
18,249,4
17,249,4
4,249,4
6,249,4
8,249,4
14,249,4
3,249,4
15,249,4
11,250,5
6,250,4
8,250,4
7,250,4
1,250,5
3,250,5
18,250,4
15,250,4
19,250,4
14,250,5
2,250,5
16,250,4
13,250,4
20,250,4
10,250,4
9,250,4
12,250,5
5,250,5
9,251,4
7,251,4
16,251,4
12,251,4
1,251,4
14,251,4
8,251,4
2,251,4
11,251,5
17,251,4
20,251,4
6,251,4
5,251,5
18,251,4
13,251,4
15,251,4
19,251,4
10,251,4
18,252,4
19,252,4
1,252,5
4,252,5
12,252,4
16,252,5
6,252,4
3,252,4
9,252,4
2,252,4
10,252,4
11,252,5
17,252,4
15,252,4
13,252,4
8,253,4
5,253,5
2,253,4
1,253,4
15,253,4
3,253,4
6,253,4
7,253,4
11,253,5
4,253,5
14,253,4
12,253,5
20,253,4
9,253,4
17,253,5
10,253,4
13,253,4
19,253,4
3,254,4
13,254,4
6,254,3
18,254,4
15,254,5
8,254,4
11,254,4
5,254,4
20,254,4
10,254,4
17,254,4
14,254,4
2,254,4
7,254,4
19,254,4
4,255,5
20,255,4
9,255,4
3,255,5
15,255,5
1,255,5
8,255,4
17,255,4
12,255,5
10,255,5
11,255,5
16,255,4
5,255,4
14,255,5
19,255,4
2,255,5
14,256,5
20,256,4
16,256,4
13,256,4
15,256,5
10,256,4
1,256,5
6,256,4
9,256,4
3,256,4
12,256,5
11,256,5
19,256,4
2,256,4
4,256,4
17,256,4
7,256,4
8,256,4
5,256,5
18,256,4
9,257,4
2,257,4
5,257,4
6,257,4
18,257,4
19,257,5
15,257,4
4,257,4
7,257,3
20,257,4
16,257,5
13,257,4
11,257,4
8,257,4
10,257,4
14,257,4
3,257,4
1,257,5
12,257,4
17,257,4
5,258,5
13,258,4
11,258,4
10,258,4
16,258,4
9,258,4
12,258,5
7,258,4
8,258,4
19,258,4
3,258,4
4,258,5
2,258,4
1,258,4
17,258,5
10,259,4
9,259,4
4,259,5
12,259,4
3,259,5
19,259,4
17,259,4
13,259,4
16,259,4
20,259,4
8,259,4
5,259,4
11,259,4
6,259,4
18,259,4
1,259,5
7,259,3
2,259,5
14,259,5
15,259,4
5,260,4
11,260,4
15,260,3
8,260,3
13,260,4
1,260,5
12,260,4
10,260,4
6,260,3
14,260,5
2,260,4
7,260,3
4,260,5
18,260,4
19,260,4
9,260,4
17,260,3
3,260,5
2,261,5
1,261,5
7,261,4
12,261,4
6,261,4
17,261,3
13,261,4
15,261,4
9,261,4
14,261,4
5,261,4
10,261,4
20,261,4
4,261,5
8,261,4
3,261,4
19,261,4
18,261,4
5,262,4
16,262,4
15,262,4
8,262,4
2,262,5
14,262,4
19,262,4
20,262,4
9,262,4
6,262,4
3,262,5
4,262,5
11,262,5
17,262,4
13,262,4
10,262,4
12,262,4
11,263,4
2,263,4
14,263,4
19,263,4
20,263,4
10,263,4
16,263,4
3,263,4
12,263,4
18,263,4
4,263,4
7,263,3
6,263,4
5,263,5
8,263,4
9,263,5
11,264,4
3,264,3
19,264,4
2,264,5
5,264,4
4,264,4
9,264,4
8,264,3
15,264,4
20,264,3
7,264,4
12,264,4
10,264,3
6,264,3
1,264,5
20,265,3
2,265,5
9,265,4
16,265,4
17,265,3
12,265,4
13,265,4
7,265,3
4,265,5
11,265,4
19,265,4
18,265,4
10,265,3
15,265,4
6,265,3
5,265,4
3,265,5
8,265,3
17,266,4
5,266,5
15,266,4
7,266,4
4,266,4
6,266,4
1,266,4
13,266,5
16,266,4
11,266,5
20,266,3
19,266,4
14,266,4
9,266,4
3,266,4
8,267,4
1,267,4
16,267,5
14,267,5
19,267,5
10,267,4
3,267,4
12,267,4
6,267,4
2,267,4
13,267,4
9,267,4
20,267,4
15,267,5
17,267,4
5,267,4
4,267,4
12,268,4
20,268,4
5,268,4
13,268,4
4,268,4
1,268,4
16,268,5
10,268,4
6,268,4
11,268,4
3,268,3
9,268,4
8,268,4
15,268,5
17,268,3
19,269,4
2,269,5
14,269,4
11,269,4
4,269,5
3,269,4
10,269,3
16,269,4
12,269,4
6,269,4
18,269,4
8,269,3
5,269,4
20,269,4
1,269,4
18,270,4
6,270,4
9,270,4
20,270,4
5,270,4
10,270,4
3,270,4
8,270,4
16,270,4
15,270,4
1,270,5
2,270,4
11,270,4
17,270,4
12,270,4
19,271,5
18,271,4
7,271,4
1,271,4
14,271,4
10,271,4
20,271,4
8,271,4
15,271,5
2,271,4
16,271,4
4,271,5
12,271,5
17,271,4
11,271,4
13,271,4
6,271,4
19,272,4
8,272,4
13,272,4
7,272,3
11,272,4
1,272,4
3,272,4
6,272,4
10,272,4
9,272,4
4,272,4
2,272,4
20,272,3
5,272,4
16,272,4
15,272,4
19,273,4
5,273,5
12,273,5
4,273,4
3,273,4
18,273,5
15,273,4
1,273,4
6,273,4
8,273,4
20,273,4
7,273,4
9,273,5
11,273,5
13,273,4
16,273,4
2,273,4
14,273,4
17,273,5
10,273,4
17,274,4
5,274,4
3,274,5
4,274,5
1,274,5
20,274,4
10,274,4
13,274,4
19,274,4
14,274,5
12,274,4
2,274,5
6,274,4
9,274,4
11,274,5
16,275,4
11,275,4
2,275,5
4,275,5
9,275,4
19,275,4
20,275,4
12,275,4
7,275,4
6,275,4
3,275,5
14,275,5
18,275,4
15,275,4
8,275,4
10,275,4
1,275,5
18,276,4
15,276,4
17,276,4
11,276,4
8,276,4
7,276,3
9,276,4
1,276,5
20,276,4
2,276,5
10,276,4
4,276,5
13,276,4
6,276,4
14,276,5
6,277,5
1,277,4
7,277,4
14,277,4
12,277,5
15,277,4
9,277,4
17,277,4
2,277,5
10,277,4
4,277,5
8,277,4
18,277,5
13,277,4
19,277,5
16,277,4
4,278,5
6,278,4
20,278,3
1,278,5
18,278,4
3,278,4
12,278,4
10,278,4
11,278,5
8,278,4
5,278,5
9,278,5
13,278,4
17,278,4
14,278,5
15,278,5
2,278,5
19,278,5
9,279,4
7,279,4
5,279,5
11,279,4
18,279,4
13,279,4
14,279,4
19,279,4
10,279,4
2,279,5
1,279,5
4,279,5
8,279,4
15,279,4
17,279,4
12,279,4
11,280,4
5,280,5
8,280,4
6,280,4
10,280,4
9,280,4
7,280,5
3,280,4
13,280,5
1,280,5
4,280,5
19,280,4
17,280,4
20,280,4
2,280,5
16,280,5
15,280,5
14,280,4
17,281,4
5,281,4
13,281,5
9,281,5
12,281,5
15,281,4
2,281,5
4,281,4
8,281,4
14,281,5
3,281,4
20,281,4
16,281,5
1,281,5
7,281,4
19,281,5
16,282,4
18,282,4
17,282,4
13,282,4
5,282,4
8,282,4
1,282,5
12,282,4
6,282,4
4,282,5
9,282,4
2,282,5
19,282,4
14,282,5
3,282,5
7,282,4
20,282,4
4,283,5
3,283,4
10,283,4
18,283,4
14,283,4
13,283,4
19,283,4
11,283,4
16,283,4
17,283,4
20,283,4
15,283,4
8,283,4
6,283,4
1,283,5
19,284,4
17,284,4
18,284,4
11,284,5
12,284,5
1,284,5
16,284,4
10,284,4
2,284,5
3,284,4
8,284,4
5,284,4
4,284,5
6,284,4
7,284,4
20,284,4
9,284,4
6,285,3
15,285,4
1,285,5
2,285,5
7,285,4
16,285,4
10,285,4
17,285,4
11,285,5
3,285,4
14,285,4
4,285,5
8,285,4
5,285,5
18,285,4
9,285,4
19,285,4
13,285,4
20,285,4
15,286,4
2,286,4
18,286,4
20,286,4
5,286,5
1,286,4
11,286,5
9,286,4
6,286,4
8,286,4
10,286,4
3,286,4
12,286,5
14,286,4
7,286,4
16,286,5
13,287,4
3,287,4
15,287,4
10,287,4
14,287,4
9,287,4
7,287,3
19,287,4
2,287,4
11,287,4
17,287,4
18,287,4
6,287,4
20,287,3
1,287,4
2,288,5
9,288,4
4,288,5
15,288,4
17,288,3
16,288,4
5,288,4
14,288,4
12,288,4
1,288,5
11,288,4
10,288,3
7,288,4
18,288,4
20,288,3
3,288,3
16,289,4
10,289,4
15,289,4
13,289,4
2,289,5
9,289,4
17,289,4
6,289,4
18,289,4
14,289,4
4,289,5
7,289,4
11,289,5
12,289,4
3,289,4
20,289,4
19,289,4
5,289,5
8,289,4
1,289,5
13,290,4
7,290,4
6,290,4
11,290,5
5,290,5
10,290,4
20,290,4
12,290,5
9,290,4
15,290,5
3,290,4
17,290,4
8,290,4
19,290,5
18,290,5
16,290,5
14,290,5
4,290,4
2,290,4
1,290,4
8,291,4
7,291,3
20,291,3
10,291,4
15,291,5
4,291,4
13,291,4
2,291,4
17,291,4
14,291,5
6,291,4
5,291,4
9,291,4
19,291,5
3,291,4
18,291,5
1,291,4
11,291,4
14,292,4
8,292,4
15,292,4
20,292,4
13,292,4
16,292,4
17,292,3
9,292,4
11,292,4
18,292,4
7,292,4
6,292,4
10,292,4
12,292,4
5,292,4
3,292,4
17,293,4
9,293,5
3,293,4
16,293,5
19,293,4
15,293,5
10,293,4
18,293,4
5,293,5
12,293,5
11,293,5
4,293,5
20,293,4
8,293,4
7,293,4
13,293,4
10,294,4
3,294,4
6,294,4
20,294,4
18,294,4
8,294,4
17,294,4
5,294,5
16,294,4
11,294,4
9,294,4
19,294,4
7,294,5
4,294,5
1,294,5
15,294,5
13,294,4
2,294,5
7,295,4
17,295,3
4,295,4
15,295,4
19,295,4
20,295,4
5,295,5
8,295,4
6,295,4
2,295,4
1,295,4
3,295,4
13,295,4
14,295,4
12,295,4
9,295,4
10,295,4
11,295,5
16,295,4
3,296,4
5,296,4
11,296,4
6,296,4
1,296,4
18,296,5
14,296,5
2,296,4
13,296,5
16,296,5
9,296,4
20,296,3
17,296,4
15,296,5
8,296,4
19,296,5
7,296,4
10,297,4
16,297,4
19,297,4
13,297,4
4,297,5
6,297,4
2,297,5
5,297,5
9,297,4
11,297,4
18,297,4
12,297,4
17,297,4
3,297,4
8,297,4
1,297,5
7,297,4
14,297,4
15,298,5
7,298,4
1,298,4
8,298,4
10,298,4
19,298,5
17,298,4
12,298,4
16,298,5
14,298,5
18,298,5
6,298,4
3,298,3
5,298,4
9,298,4
8,299,4
6,299,3
12,299,5
7,299,3
9,299,4
11,299,5
3,299,4
19,299,4
1,299,4
17,299,4
5,299,5
20,299,4
16,299,4
2,299,4
15,299,4
13,299,5
13,300,5
14,300,4
17,300,4
5,300,4
9,300,4
16,300,5
18,300,4
8,300,4
20,300,4
4,300,5
2,300,4
15,300,4
10,300,4
6,300,4
7,300,4
1,300,5
3,300,4
12,300,5
11,300,5
16,301,4
9,301,4
10,301,4
11,301,5
15,301,4
12,301,5
13,301,4
7,301,4
2,301,4
20,301,4
5,301,5
14,301,4
8,301,4
18,301,4
4,301,4
3,301,4
6,301,4
1,301,4
17,301,4
2,302,4
13,302,4
19,302,4
10,302,4
8,302,3
7,302,4
3,302,4
6,302,4
16,302,4
11,302,5
17,302,4
9,302,4
15,302,4
14,302,4
18,302,4
4,302,4
1,302,4
20,302,4
3,303,4
20,303,4
4,303,5
9,303,4
1,303,4
5,303,5
11,303,5
16,303,5
18,303,4
12,303,5
13,303,5
2,303,4
10,303,4
15,303,4
17,303,4
6,303,4
13,304,5
18,304,4
14,304,4
5,304,5
8,304,4
16,304,5
3,304,4
6,304,4
7,304,4
11,304,5
19,304,5
12,304,5
9,304,4
10,304,4
4,304,5
4,305,5
3,305,4
8,305,4
1,305,5
9,305,4
15,305,4
6,305,4
17,305,4
7,305,4
18,305,4
13,305,4
19,305,4
20,305,4
2,305,5
10,305,4
14,305,4
16,305,4
5,305,4
11,305,4
12,305,5
17,306,4
7,306,4
1,306,4
9,306,4
10,306,4
15,306,4
4,306,5
18,306,4
19,306,4
16,306,4
3,306,4
11,306,5
20,306,4
2,306,4
6,306,3
5,306,5
8,306,4
18,307,4
1,307,4
13,307,5
11,307,5
10,307,4
16,307,4
14,307,4
20,307,4
19,307,4
2,307,4
17,307,4
15,307,5
4,307,4
12,307,5
7,307,4
9,307,4
5,307,5
3,307,4
4,308,4
20,308,4
8,308,4
18,308,4
14,308,4
17,308,4
9,308,4
10,308,3
2,308,4
7,308,3
3,308,4
13,308,5
19,308,4
16,308,4
6,308,4
13,309,4
10,309,4
4,309,5
20,309,4
15,309,4
9,309,4
5,309,5
14,309,5
16,309,4
1,309,5
7,309,4
6,309,4
8,309,4
2,309,5
3,309,4
12,309,4
11,309,5
9,310,4
7,310,4
17,310,4
10,310,4
6,310,4
20,310,4
11,310,5
13,310,4
5,310,5
15,310,5
19,310,5
4,310,5
16,310,5
12,310,4
3,310,4
2,310,4
8,310,4
14,310,5
4,311,4
6,311,4
20,311,4
7,311,4
8,311,4
15,311,4
17,311,4
14,311,4
18,311,4
16,311,4
12,311,5
19,311,4
5,311,4
9,311,4
3,311,4
2,311,4
1,311,4
13,311,4
10,311,4
11,311,4
15,312,5
6,312,4
9,312,4
2,312,4
20,312,4
18,312,4
10,312,4
11,312,5
19,312,4
12,312,4
14,312,4
7,312,3
13,312,4
1,312,4
16,312,4
7,313,4
11,313,4
2,313,5
10,313,4
19,313,4
15,313,4
6,313,4
5,313,4
4,313,5
3,313,4
13,313,4
12,313,5
14,313,4
9,313,4
1,313,5
18,313,4
20,313,4
13,314,4
5,314,4
16,314,5
4,314,4
10,314,4
2,314,4
3,314,4
12,314,4
20,314,4
18,314,5
15,314,5
7,314,4
1,314,4
14,314,5
19,314,5
6,314,4
18,315,4
2,315,4
1,315,4
12,315,4
3,315,4
19,315,4
11,315,4
14,315,4
16,315,4
13,315,4
7,315,4
15,315,4
6,315,4
8,315,4
10,315,4
17,315,4
8,316,4
20,316,4
10,316,4
15,316,5
4,316,4
13,316,4
14,316,5
16,316,5
6,316,4
3,316,4
19,316,5
11,316,4
7,316,4
2,316,4
17,316,4
19,317,4
11,317,4
12,317,4
16,317,4
14,317,5
4,317,4
17,317,4
8,317,4
13,317,4
18,317,4
9,317,4
10,317,4
2,317,4
7,317,4
15,317,4
5,317,4
1,317,4
6,317,4
3,317,4
20,317,4
20,318,4
3,318,4
15,318,4
13,318,4
9,318,4
4,318,4
17,318,4
2,318,4
14,318,4
16,318,4
8,318,4
11,318,4
18,318,4
7,318,4
19,318,4
12,318,4
5,318,4
10,318,4
1,318,4
2,319,4
19,319,4
9,319,4
8,319,4
12,319,4
14,319,4
13,319,4
11,319,5
20,319,4
4,319,4
17,319,4
18,319,4
1,319,4
16,319,4
10,319,4
6,319,4
7,319,4
3,319,4
5,319,5
4,320,5
17,320,4
18,320,4
20,320,4
7,320,4
9,320,4
12,320,4
1,320,5
5,320,4
14,320,4
8,320,4
10,320,4
3,320,4
19,320,4
6,320,4
13,320,5
11,320,4
15,320,5
16,320,5
19,321,5
13,321,4
4,321,4
14,321,5
1,321,4
7,321,4
12,321,5
17,321,4
2,321,4
3,321,4
18,321,5
5,321,4
11,321,4
16,321,5
6,321,4
10,321,4
15,321,5
9,321,4
8,321,4
14,322,4
11,322,5
2,322,5
5,322,5
4,322,5
15,322,5
9,322,5
18,322,5
3,322,4
13,322,4
1,322,4
12,322,5
20,322,4
17,322,5
6,322,4
16,322,5
7,322,4
10,322,4
19,322,5
7,323,4
6,323,4
3,323,4
12,323,4
15,323,4
17,323,4
11,323,5
19,323,4
16,323,4
14,323,4
5,323,4
1,323,4
13,323,4
8,323,4
4,323,5
2,323,4
18,323,4
10,323,4
20,323,4
12,324,5
5,324,5
2,324,4
8,324,4
18,324,4
11,324,5
9,324,4
19,324,4
10,324,4
20,324,4
4,324,4
1,324,4
6,324,4
13,324,5
17,324,4
7,324,4
15,324,4
16,324,5
3,324,4
8,325,4
17,325,4
11,325,4
7,325,4
6,325,4
14,325,4
18,325,4
1,325,4
2,325,5
10,325,4
13,325,5
19,325,4
3,325,4
15,325,4
20,325,4
16,325,4
12,325,5
4,325,4
5,325,5
16,326,4
15,326,4
18,326,4
6,326,3
11,326,4
7,326,4
12,326,4
9,326,4
10,326,4
5,326,4
3,326,4
20,326,3
13,326,4
1,326,5
19,326,3
2,326,5
8,326,3
14,326,4
17,326,4
16,327,5
4,327,4
9,327,4
2,327,4
11,327,5
12,327,4
15,327,4
19,327,5
20,327,4
6,327,4
17,327,4
10,327,4
5,327,4
14,327,4
13,327,5
18,327,4
8,327,4
11,328,4
7,328,4
6,328,4
12,328,4
2,328,4
17,328,4
13,328,4
5,328,5
16,328,5
8,328,4
18,328,5
4,328,5
9,328,4
19,328,5
15,328,5
1,328,4
10,328,4
14,328,5
3,329,4
19,329,4
5,329,5
6,329,4
10,329,4
16,329,4
17,329,4
7,329,4
9,329,4
13,329,5
8,329,4
4,329,4
14,329,4
2,329,4
15,329,4
18,329,4
20,329,3
1,329,4
10,330,4
1,330,4
20,330,4
9,330,4
3,330,4
14,330,5
8,330,4
4,330,4
7,330,4
2,330,4
12,330,5
5,330,4
18,330,5
16,330,5
17,330,4
13,330,4
15,330,5
14,331,4
3,331,4
19,331,4
2,331,5
9,331,4
5,331,4
11,331,4
13,331,4
6,331,4
4,331,5
18,331,4
16,331,4
1,331,5
8,331,4
15,331,4
10,331,4
7,331,4
17,331,4
20,331,3
12,332,4
17,332,4
5,332,5
15,332,4
1,332,4
16,332,4
14,332,4
11,332,5
6,332,4
8,332,4
10,332,4
18,332,4
19,332,4
3,332,4
2,332,4
7,332,4
12,333,5
6,333,4
8,333,4
18,333,4
14,333,4
11,333,5
10,333,4
15,333,4
19,333,4
13,333,5
16,333,4
2,333,4
4,333,4
5,333,5
3,333,4
1,333,4
20,333,4
9,333,4
17,333,4
7,333,3
17,334,4
15,334,4
9,334,4
11,334,4
1,334,4
6,334,4
16,334,4
5,334,4
20,334,4
14,334,4
13,334,5
18,334,4
19,334,4
12,334,5
7,334,4
4,334,5
16,335,4
20,335,4
6,335,4
17,335,4
10,335,5
5,335,5
12,335,5
13,335,5
8,335,4
11,335,5
19,335,5
4,335,4
7,335,4
14,335,5
1,335,4
18,335,4
1,336,5
7,336,4
20,336,3
4,336,5
19,336,4
12,336,4
17,336,4
15,336,4
5,336,5
6,336,4
14,336,4
9,336,4
8,336,4
16,336,4
3,336,4
18,336,4
5,337,4
19,337,5
17,337,4
1,337,4
20,337,3
3,337,4
8,337,4
2,337,4
6,337,4
16,337,5
12,337,4
9,337,4
18,337,5
10,337,4
4,337,4
13,337,4
10,338,4
16,338,4
4,338,4
13,338,4
3,338,4
20,338,4
15,338,5
12,338,4
6,338,4
7,338,4
11,338,5
5,338,5
8,338,4
2,338,4
1,338,4
10,339,4
11,339,5
4,339,4
19,339,4
16,339,4
7,339,4
12,339,5
9,339,4
2,339,5
6,339,4
1,339,4
3,339,4
15,339,4
17,339,4
8,339,4
18,339,4
20,339,4
14,339,4
5,339,4
13,339,5
14,340,5
19,340,5
20,340,4
1,340,4
12,340,5
13,340,4
5,340,4
7,340,4
15,340,5
17,340,4
8,340,4
2,340,4
16,340,5
9,340,4
11,340,4
12,341,4
11,341,4
1,341,5
3,341,4
9,341,4
15,341,4
17,341,3
20,341,4
7,341,4
14,341,5
10,341,4
6,341,4
8,341,4
19,341,4
16,341,4
4,341,5
5,342,4
19,342,4
6,342,4
3,342,5
14,342,5
16,342,4
11,342,4
2,342,5
17,342,4
1,342,5
20,342,4
13,342,4
4,342,5
15,342,4
12,342,4
4,343,4
14,343,5
18,343,5
1,343,4
17,343,4
15,343,5
19,343,5
2,343,4
16,343,5
7,343,4
12,343,4
8,343,4
6,343,4
20,343,4
11,343,4
5,343,4
19,344,4
17,344,4
16,344,4
15,344,4
14,344,5
8,344,4
18,344,4
3,344,5
11,344,5
6,344,4
2,344,5
4,344,5
12,344,4
9,344,4
5,344,5
20,344,4
1,344,5
1,345,5
5,345,4
11,345,4
18,345,4
19,345,4
20,345,4
14,345,5
7,345,3
17,345,4
15,345,4
6,345,4
16,345,4
3,345,5
4,345,5
12,345,5
10,345,4
9,345,4
8,346,4
12,346,4
15,346,4
18,346,4
3,346,4
16,346,4
2,346,4
1,346,4
11,346,4
7,346,3
17,346,4
14,346,4
6,346,4
19,346,4
20,346,4
4,346,4
10,346,4
13,346,4
5,346,4
9,346,4
10,347,4
12,347,4
6,347,4
1,347,4
7,347,3
20,347,3
19,347,4
4,347,5
5,347,4
17,347,4
14,347,4
16,347,4
8,347,4
11,347,4
9,347,4
7,348,4
10,348,4
8,348,4
9,348,4
5,348,5
19,348,5
17,348,4
1,348,4
14,348,4
3,348,4
12,348,5
2,348,5
4,348,5
20,348,4
18,348,5
16,348,4
6,348,5
15,348,5
13,348,5
14,349,5
11,349,4
20,349,4
3,349,4
4,349,4
18,349,5
7,349,3
5,349,4
13,349,4
6,349,4
2,349,4
10,349,4
17,349,4
12,349,4
1,349,4
9,349,4
19,350,4
12,350,5
11,350,5
7,350,4
17,350,4
2,350,4
6,350,4
1,350,4
10,350,3
3,350,4
13,350,5
8,350,4
9,350,4
15,350,4
18,350,4
16,350,4
5,350,5
14,350,4
20,350,4
4,350,4
8,351,4
6,351,4
9,351,4
18,351,4
11,351,4
14,351,4
19,351,4
20,351,4
16,351,4
15,351,4
3,351,4
10,351,4
2,351,4
4,351,4
1,351,4
17,351,4
13,351,4
7,351,3
12,351,4
5,351,4
11,352,4
18,352,4
5,352,4
8,352,3
1,352,4
13,352,4
17,352,4
7,352,4
20,352,4
3,352,4
14,352,4
4,352,4
12,352,5
10,352,4
6,352,4
15,352,4
19,352,4
12,353,4
2,353,5
20,353,4
6,353,3
4,353,5
13,353,4
1,353,5
3,353,4
14,353,4
17,353,4
9,353,4
10,353,4
11,353,4
18,353,4
5,353,4
7,353,4
14,354,5
18,354,4
15,354,4
13,354,4
4,354,5
2,354,5
9,354,4
20,354,4
1,354,5
16,354,4
10,354,4
5,354,4
19,354,5
7,354,4
17,354,4
6,354,4
14,355,5
8,355,4
10,355,4
19,355,4
7,355,3
13,355,4
2,355,5
18,355,4
15,355,4
11,355,4
12,355,4
16,355,3
1,355,5
4,355,5
6,355,4
5,355,4
9,355,4
3,355,4
17,355,4
9,356,4
12,356,4
19,356,4
20,356,4
8,356,4
18,356,4
7,356,5
14,356,4
17,356,4
16,356,4
2,356,5
13,356,4
5,356,4
11,356,5
6,356,4
3,356,4
15,356,4
4,356,5
11,357,4
4,357,4
16,357,4
19,357,4
17,357,4
10,357,4
13,357,4
12,357,5
5,357,4
2,357,4
20,357,4
9,357,4
7,357,4
6,357,4
15,357,4
14,357,4
12,358,5
2,358,5
14,358,4
19,358,4
18,358,4
16,358,4
10,358,4
11,358,5
20,358,4
8,358,4
5,358,4
7,358,4
1,358,5
17,358,4
6,358,4
13,358,4
4,358,5
15,358,4
3,358,4
11,359,4
9,359,4
20,359,4
19,359,4
3,359,4
18,359,4
16,359,4
7,359,4
2,359,4
15,359,4
8,359,4
5,359,4
14,359,4
1,359,4
17,359,4
4,359,4
13,359,5
9,360,3
3,360,4
14,360,4
11,360,4
16,360,3
19,360,4
2,360,5
20,360,3
10,360,3
12,360,4
18,360,4
1,360,5
6,360,3
4,360,5
13,360,4
5,360,4
15,360,4
17,360,3
12,361,5
16,361,5
19,361,5
18,361,5
3,361,4
6,361,4
20,361,4
15,361,4
4,361,5
7,361,4
13,361,5
14,361,5
8,361,5
5,361,5
10,361,4
9,361,4
5,362,4
8,362,4
16,362,4
10,362,4
19,362,4
15,362,5
17,362,4
1,362,5
6,362,4
2,362,5
7,362,4
9,362,4
13,362,4
3,362,5
20,362,4
11,362,5
4,362,5
18,362,4
12,362,5
14,362,5
17,363,4
5,363,5
16,363,4
1,363,4
4,363,5
14,363,5
3,363,4
20,363,4
11,363,5
13,363,5
7,363,4
9,363,4
19,363,5
2,363,5
10,363,4
18,363,4
6,363,4
8,364,4
6,364,3
4,364,4
9,364,4
20,364,4
16,364,4
2,364,4
11,364,5
13,364,4
5,364,5
14,364,4
18,364,4
19,364,4
1,364,4
10,364,4
8,365,4
10,365,4
5,365,4
20,365,4
2,365,4
14,365,4
4,365,4
18,365,4
11,365,5
19,365,4
6,365,4
3,365,4
1,365,4
9,365,4
15,365,5
7,365,4
12,365,5
13,365,4
16,365,4
17,365,4
16,366,4
18,366,4
4,366,5
15,366,5
20,366,4
14,366,5
19,366,4
10,366,4
17,366,4
12,366,4
8,366,4
7,366,4
3,366,5
1,366,5
6,366,4
9,366,4
5,366,4
11,366,5
2,366,5
13,366,4
1,367,5
19,367,4
11,367,5
16,367,4
8,367,4
2,367,4
12,367,4
4,367,5
6,367,4
3,367,4
20,367,4
5,367,5
17,367,4
18,367,5
10,367,4
13,367,5
11,368,4
16,368,5
1,368,4
3,368,4
10,368,3
18,368,5
12,368,4
7,368,4
17,368,4
15,368,5
8,368,4
6,368,4
13,368,4
19,368,5
14,368,5
4,368,4
9,368,4
5,368,4
2,368,5
14,369,4
20,369,4
13,369,4
15,369,4
10,369,4
6,369,4
11,369,5
12,369,5
9,369,4
3,369,4
1,369,4
5,369,4
8,369,4
2,369,4
7,369,4
17,369,4
18,369,4
19,369,4
16,369,4
4,369,4
10,370,4
12,370,4
1,370,5
19,370,4
16,370,4
8,370,4
11,370,5
18,370,4
4,370,5
17,370,4
3,370,4
2,370,4
6,370,4
7,370,4
14,370,5
15,370,5
20,370,4
13,370,4
9,370,4
16,371,4
8,371,4
10,371,4
12,371,4
17,371,4
15,371,4
19,371,4
20,371,4
9,371,4
3,371,4
1,371,5
4,371,5
6,371,4
5,371,4
2,371,5
7,371,5
10,372,4
4,372,4
5,372,5
11,372,5
7,372,3
9,372,4
6,372,4
16,372,4
1,372,4
2,372,4
18,372,4
3,372,4
19,372,4
17,372,4
14,372,4
8,372,4
20,372,4
12,372,5
17,373,4
6,373,4
2,373,4
13,373,4
20,373,3
7,373,4
18,373,4
3,373,4
1,373,4
9,373,4
10,373,4
19,373,4
8,373,4
12,373,4
15,373,4
4,373,4
11,373,4
16,373,4
14,373,4
18,374,4
3,374,4
15,374,4
16,374,4
13,374,4
1,374,4
5,374,4
11,374,4
6,374,4
9,374,4
12,374,4
10,374,4
20,374,4
19,374,4
2,374,4
17,374,4
7,374,4
4,374,5
14,374,4
13,375,4
2,375,5
14,375,5
9,375,4
18,375,4
19,375,4
6,375,4
1,375,5
17,375,3
16,375,4
15,375,4
3,375,5
7,375,4
5,375,4
8,375,4
11,375,4
12,375,4
4,375,5
20,375,4
20,376,4
2,376,4
8,376,4
6,376,3
1,376,4
3,376,4
16,376,4
14,376,4
19,376,4
7,376,4
4,376,4
12,376,4
15,376,4
18,376,4
9,376,4
5,376,5
11,376,4
17,376,4
10,376,4
13,376,4
9,377,4
15,377,5
14,377,5
12,377,4
19,377,5
10,377,4
6,377,4
13,377,4
17,377,4
5,377,4
7,377,4
4,377,4
1,377,4
8,377,4
18,377,5
16,377,5
2,377,4
3,377,4
11,377,4
6,378,4
20,378,3
17,378,4
3,378,4
2,378,4
13,378,4
15,378,5
4,378,4
5,378,4
11,378,5
9,378,3
16,378,5
19,378,5
18,378,5
12,378,4
14,378,5
10,378,3
17,379,4
8,379,4
19,379,4
3,379,4
13,379,4
9,379,4
12,379,4
15,379,4
2,379,5
11,379,4
7,379,4
10,379,4
20,379,4
18,379,4
5,379,4
14,379,4
3,380,5
11,380,5
8,380,4
14,380,4
13,380,5
9,380,5
7,380,4
2,380,4
10,380,4
5,380,5
12,380,5
17,380,4
18,380,5
6,380,4
1,380,5
20,380,4
15,380,5
4,380,5
16,380,5
20,381,4
11,381,4
3,381,5
10,381,4
8,381,4
14,381,5
16,381,5
1,381,4
4,381,4
18,381,5
17,381,4
15,381,5
7,381,4
9,381,4
6,381,4
19,381,5
5,381,5
12,381,5
14,382,4
3,382,4
10,382,4
5,382,5
19,382,4
6,382,4
16,382,5
12,382,5
2,382,5
13,382,5
8,382,4
9,382,4
20,382,4
7,382,4
18,382,4
11,382,5
17,382,5
1,382,5
4,382,5
15,382,5
14,383,4
19,383,4
3,383,4
16,383,4
4,383,4
18,383,4
13,383,5
11,383,5
9,383,4
15,383,4
20,383,4
10,383,4
8,383,4
2,383,4
12,383,5
17,383,4
1,384,5
4,384,4
14,384,4
13,384,5
8,384,4
10,384,4
2,384,4
17,384,4
18,384,4
3,384,4
9,384,4
19,384,4
11,384,5
20,384,4
7,384,3
16,384,4
5,384,5
18,385,4
9,385,4
3,385,5
16,385,4
20,385,3
1,385,5
4,385,5
15,385,4
12,385,4
19,385,4
17,385,4
11,385,4
5,385,4
6,385,4
13,385,4
7,385,4
10,385,4
8,385,4
2,385,5
14,385,5
6,386,4
17,386,4
18,386,4
11,386,5
10,386,4
19,386,4
2,386,4
1,386,4
14,386,4
7,386,3
3,386,4
12,386,4
13,386,4
9,386,4
8,386,4
20,386,4
4,386,4
2,387,4
1,387,4
11,387,5
17,387,4
16,387,4
3,387,4
5,387,5
14,387,4
6,387,3
13,387,5
4,387,4
19,387,4
8,387,4
10,387,4
7,387,4
18,387,4
19,388,4
1,388,5
7,388,3
8,388,4
13,388,4
18,388,4
4,388,5
2,388,5
14,388,4
3,388,5
11,388,4
6,388,4
17,388,4
12,388,4
9,388,4
15,388,4
16,388,5
10,388,4
13,389,4
3,389,4
7,389,4
8,389,4
6,389,3
2,389,5
11,389,4
10,389,4
12,389,4
17,389,4
14,389,4
5,389,4
1,389,5
19,389,4
9,389,4
4,389,5
18,389,4
16,389,4
20,389,4
14,390,4
1,390,4
13,390,4
19,390,4
17,390,4
16,390,4
2,390,5
9,390,4
20,390,4
18,390,4
5,390,5
10,390,4
11,390,4
4,390,5
7,390,4
19,391,5
13,391,4
12,391,4
7,391,4
6,391,4
4,391,4
11,391,4
2,391,4
17,391,4
20,391,4
10,391,4
1,391,4
9,391,4
5,391,5
15,391,4
14,391,4
16,391,4
8,391,4
18,391,4
16,392,4
19,392,4
7,392,4
14,392,5
5,392,5
13,392,4
11,392,4
1,392,5
18,392,4
17,392,4
12,392,5
2,392,5
10,392,3
9,392,4
6,392,3
4,392,5
20,392,3
3,392,5
8,392,3
19,393,4
16,393,5
5,393,5
3,393,4
13,393,5
12,393,5
18,393,4
20,393,4
14,393,4
11,393,5
4,393,5
10,393,4
17,393,4
8,393,4
9,393,4
2,393,4
15,393,4
7,393,4
6,393,4
1,393,4
7,394,4
19,394,4
4,394,5
11,394,5
2,394,5
10,394,4
17,394,4
3,394,5
6,394,4
20,394,4
1,394,5
5,394,5
14,394,5
18,394,4
16,394,4
15,394,4
8,394,4
13,394,4
12,394,4
3,395,5
19,395,4
1,395,5
8,395,4
17,395,4
10,395,4
18,395,4
13,395,4
14,395,5
20,395,4
2,395,5
11,395,4
5,395,4
4,395,5
9,395,4
16,395,4
12,395,5
7,395,4
15,395,4
6,395,4
3,396,4
19,396,4
15,396,4
7,396,4
4,396,4
16,396,4
13,396,5
17,396,4
5,396,5
1,396,4
6,396,4
18,396,4
10,396,4
2,396,4
11,396,5
10,397,4
14,397,5
4,397,4
16,397,5
12,397,5
11,397,5
8,397,4
15,397,4
19,397,4
5,397,5
3,397,4
1,397,4
2,397,4
17,397,4
20,397,4
9,397,4
4,398,4
13,398,5
20,398,3
10,398,4
2,398,4
14,398,3
18,398,4
8,398,4
11,398,5
19,398,4
1,398,4
16,398,4
9,398,4
12,398,5
5,398,5
3,398,4
6,398,4
7,398,4
15,398,4
4,399,4
2,399,4
15,399,4
5,399,5
1,399,4
19,399,5
12,399,4
10,399,4
9,399,4
14,399,4
8,399,4
3,399,4
18,399,4
13,399,4
7,399,4
17,399,4
6,399,4
11,399,4
20,399,4
12,400,4
19,400,4
5,400,4
20,400,4
18,400,4
13,400,4
17,400,4
6,400,4
2,400,4
10,400,4
16,400,4
8,400,4
3,400,4
1,400,4
4,400,5
5,401,4
9,401,4
2,401,4
15,401,4
16,401,4
13,401,4
18,401,4
17,401,4
12,401,4
8,401,3
10,401,4
1,401,4
6,401,4
7,401,3
14,401,4
10,402,4
11,402,5
12,402,5
17,402,4
16,402,4
7,402,4
18,402,4
6,402,4
9,402,4
13,402,4
4,402,4
5,402,4
1,402,4
19,402,4
14,402,4
2,403,5
9,403,4
11,403,4
16,403,4
3,403,4
8,403,4
17,403,3
18,403,4
1,403,5
12,403,4
10,403,4
14,403,4
15,403,4
19,403,4
13,403,4
6,403,4
7,403,4
5,403,4
5,404,5
2,404,4
6,404,4
14,404,4
15,404,4
13,404,5
20,404,4
7,404,4
11,404,5
3,404,4
1,404,4
17,404,4
9,404,4
19,404,4
18,404,4
4,404,4
16,404,4
10,404,4
8,404,4
12,404,5
16,405,4
2,405,5
12,405,4
14,405,5
11,405,5
10,405,4
19,405,4
7,405,4
15,405,4
9,405,4
17,405,4
18,405,4
8,405,4
20,405,3
3,405,5
13,405,4
5,405,4
6,405,4
1,405,5
1,406,4
3,406,4
11,406,5
18,406,4
17,406,4
9,406,4
14,406,4
8,406,4
5,406,4
15,406,4
7,406,4
12,406,4
13,406,4
6,406,4
10,406,4
9,407,4
17,407,4
8,407,4
13,407,4
7,407,4
20,407,3
1,407,4
12,407,4
19,407,4
10,407,4
6,407,4
11,407,4
18,407,4
16,407,4
15,407,4
12,408,4
18,408,4
1,408,5
17,408,4
16,408,4
6,408,4
2,408,5
10,408,4
15,408,4
19,408,4
13,408,4
3,408,4
11,408,4
8,408,4
7,408,4
20,408,3
5,408,5
7,409,4
15,409,4
20,409,4
18,409,4
3,409,4
8,409,4
4,409,4
11,409,4
19,409,4
6,409,4
2,409,4
13,409,4
17,409,4
16,409,4
1,409,4
5,409,4
14,409,3
10,409,3
11,410,4
12,410,4
7,410,3
19,410,5
10,410,4
2,410,4
5,410,4
1,410,4
18,410,5
9,410,4
13,410,4
14,410,5
15,410,5
8,410,4
4,410,4
3,410,3
6,410,3
20,410,3
16,410,4
3,411,4
13,411,5
1,411,4
20,411,4
19,411,4
7,411,4
5,411,5
18,411,4
8,411,4
17,411,4
6,411,4
14,411,4
2,411,4
16,411,4
9,411,4
11,411,5
10,411,4
15,411,4
12,411,5
4,411,4
1,412,4
11,412,5
17,412,4
7,412,4
2,412,5
14,412,4
19,412,4
18,412,4
6,412,4
12,412,5
5,412,4
13,412,4
9,412,4
4,412,5
16,412,4
3,412,4
10,412,4
8,412,4
15,412,5
20,412,4
8,413,4
14,413,4
3,413,4
7,413,4
4,413,5
9,413,4
2,413,5
18,413,4
1,413,4
16,413,4
5,413,5
6,413,4
11,413,5
12,413,5
10,413,4
19,413,4
13,413,4
17,413,4
15,413,4
20,413,4
9,414,4
11,414,5
10,414,4
4,414,5
17,414,4
19,414,4
18,414,4
1,414,5
13,414,4
14,414,5
20,414,4
2,414,5
6,414,4
16,414,4
7,414,4
5,414,4
3,414,5
12,414,4
15,414,4
8,414,4
12,415,4
13,415,4
17,415,4
16,415,5
5,415,4
14,415,5
3,415,4
10,415,4
6,415,4
7,415,4
2,415,4
8,415,4
9,415,4
15,415,5
20,415,4
11,415,5
4,416,5
8,416,4
20,416,4
17,416,4
5,416,5
9,416,4
3,416,4
13,416,4
16,416,5
11,416,5
1,416,4
18,416,5
14,416,4
6,416,4
15,416,5
2,416,5
19,416,4
7,416,4
18,417,4
7,417,4
19,417,4
10,417,4
12,417,5
5,417,4
9,417,4
16,417,5
20,417,4
13,417,5
6,417,4
2,417,4
17,417,4
3,417,4
15,417,5
11,417,5
8,417,4
14,417,4
4,417,4
1,417,4
9,418,4
8,418,4
10,418,4
14,418,5
20,418,4
17,418,4
16,418,5
19,418,5
5,418,4
4,418,4
7,418,4
2,418,4
1,418,4
18,418,5
11,418,4
3,418,4
12,418,4
6,418,4
13,419,5
20,419,4
4,419,4
11,419,5
18,419,4
2,419,4
6,419,4
16,419,4
14,419,4
5,419,5
3,419,4
10,419,4
1,419,4
17,419,4
15,419,4
19,419,4
9,419,4
9,420,3
8,420,3
14,420,4
17,420,3
2,420,4
10,420,4
1,420,3
5,420,5
18,420,3
3,420,4
15,420,4
6,420,3
20,420,3
19,420,4
16,420,4
12,420,5
7,420,3
4,420,4
11,420,5
4,421,5
7,421,4
5,421,4
17,421,4
13,421,4
10,421,4
9,421,4
18,421,4
12,421,4
16,421,4
3,421,4
19,421,4
20,421,4
11,421,5
8,421,4
2,421,5
4,422,5
2,422,5
19,422,4
5,422,4
15,422,5
14,422,4
6,422,4
8,422,4
13,422,4
17,422,4
18,422,4
12,422,5
7,422,5
1,422,5
9,422,4
11,422,4
10,422,4
16,422,4
20,422,4
3,422,4
6,423,4
20,423,4
3,423,4
4,423,5
14,423,4
19,423,5
9,423,4
11,423,5
2,423,4
15,423,5
8,423,4
7,423,4
1,423,4
13,423,4
5,423,5
16,423,4
18,423,4
9,424,4
5,424,4
3,424,4
6,424,4
14,424,4
10,424,4
20,424,4
13,424,4
16,424,4
12,424,4
18,424,4
15,424,4
2,424,4
19,424,4
17,424,4
11,424,5
9,425,5
3,425,5
12,425,5
13,425,5
17,425,5
15,425,5
8,425,5
14,425,5
5,425,5
10,425,5
20,425,4
2,425,5
19,425,5
18,425,5
11,425,5
16,425,5
1,425,5
4,426,4
16,426,4
12,426,4
17,426,4
1,426,4
14,426,4
19,426,4
20,426,4
18,426,4
6,426,4
9,426,4
3,426,4
2,426,4
5,426,4
8,426,4
7,426,4
13,426,4
19,427,4
10,427,4
7,427,4
15,427,4
5,427,4
16,427,4
17,427,4
2,427,5
8,427,4
11,427,5
4,427,5
13,427,4
12,427,4
1,427,5
3,427,5
18,427,4
9,427,4
6,427,4
5,428,4
2,428,5
13,428,4
7,428,5
9,428,4
3,428,4
19,428,4
1,428,5
12,428,5
6,428,4
11,428,5
14,428,4
17,428,4
18,428,4
15,428,4
4,428,5
10,428,4
20,428,4
8,429,4
6,429,4
5,429,5
14,429,4
10,429,4
1,429,4
20,429,4
13,429,5
9,429,5
4,429,5
15,429,5
3,429,4
2,429,4
11,429,5
12,429,4
16,429,4
1,430,4
17,430,4
15,430,4
16,430,4
9,430,4
6,430,4
19,430,5
5,430,4
18,430,4
2,430,4
20,430,4
10,430,4
14,430,5
11,430,4
8,430,4
4,430,4
12,430,5
7,430,4
3,430,4
13,430,4
18,431,4
14,431,5
17,431,4
13,431,4
5,431,5
11,431,5
10,431,4
9,431,4
6,431,4
19,431,5
3,431,4
16,431,4
2,431,5
1,431,4
20,431,4
12,431,5
8,431,4
4,431,5
7,431,4
12,432,4
20,432,4
9,432,4
6,432,4
17,432,4
15,432,4
16,432,4
11,432,4
14,432,4
10,432,4
8,432,4
18,432,4
5,432,4
19,432,4
2,432,4
9,433,4
11,433,5
3,433,5
19,433,5
18,433,5
15,433,4
7,433,4
16,433,4
17,433,4
10,433,4
12,433,4
14,433,4
4,433,4
5,433,5
13,433,4
20,433,4
8,433,4
1,433,4
6,433,4
5,434,5
19,434,4
18,434,4
15,434,4
3,434,4
8,434,4
14,434,4
1,434,4
7,434,4
17,434,4
2,434,4
4,434,4
6,434,4
13,434,5
9,434,4
1,435,5
20,435,3
6,435,4
5,435,5
18,435,4
14,435,5
16,435,4
15,435,4
3,435,5
7,435,4
4,435,5
11,435,4
12,435,5
13,435,4
8,435,4
2,436,4
14,436,5
4,436,4
7,436,4
19,436,5
13,436,4
10,436,4
20,436,4
16,436,5
18,436,5
11,436,5
15,436,5
12,436,4
8,436,4
17,436,4
3,436,4
6,436,4
5,436,4
9,436,5
15,437,5
12,437,5
6,437,4
10,437,4
9,437,4
14,437,5
2,437,5
13,437,4
7,437,4
4,437,4
19,437,5
1,437,4
5,437,5
18,437,5
16,437,5
20,437,4
17,437,4
8,437,4
11,437,5
3,437,4
4,438,5
12,438,5
13,438,4
15,438,4
6,438,4
16,438,4
9,438,4
18,438,5
1,438,5
19,438,4
17,438,4
20,438,4
11,438,5
7,438,4
10,438,4
3,438,5
5,438,4
14,438,5
8,438,4
2,438,5
13,439,4
5,439,4
3,439,4
16,439,5
4,439,4
8,439,4
6,439,4
18,439,5
17,439,4
9,439,4
19,439,5
12,439,4
11,439,5
14,439,5
7,439,4
2,439,4
10,439,4
19,440,4
8,440,4
10,440,4
13,440,4
20,440,4
3,440,4
11,440,4
4,440,5
14,440,4
9,440,4
15,440,4
1,440,5
16,440,4
2,440,5
18,440,4
16,441,4
13,441,5
2,441,4
19,441,4
11,441,5
17,441,4
18,441,5
8,441,4
12,441,4
5,441,5
14,441,4
4,441,4
7,441,4
10,441,4
15,441,4
6,441,4
1,441,4
3,441,4
20,442,4
19,442,5
11,442,5
10,442,5
7,442,4
13,442,5
17,442,4
8,442,4
15,442,4
16,442,5
18,442,4
1,442,4
6,442,4
5,442,5
3,442,4
12,442,5
4,442,4
2,442,5
5,443,4
20,443,4
15,443,5
12,443,5
17,443,4
14,443,4
3,443,4
9,443,4
8,443,4
6,443,4
4,443,4
13,443,5
11,443,4
16,443,4
1,443,4
10,443,4
18,443,4
7,443,4
19,443,4
18,444,5
10,444,4
9,444,4
12,444,4
16,444,5
20,444,4
13,444,5
7,444,4
1,444,4
17,444,4
6,444,4
15,444,5
4,444,5
14,444,5
5,444,4
2,444,4
19,444,5
8,444,4
3,444,4
5,445,5
6,445,4
1,445,5
18,445,4
16,445,5
19,445,5
8,445,4
7,445,4
20,445,4
4,445,5
15,445,5
10,445,4
12,445,4
14,445,5
2,445,5
9,445,4
17,445,5
3,445,4
13,445,4
6,446,4
18,446,4
20,446,3
11,446,5
2,446,4
1,446,4
7,446,3
13,446,5
9,446,4
15,446,4
12,446,5
4,446,4
3,446,4
8,446,3
14,446,4
5,446,5
10,446,4
16,446,4
17,446,4
19,446,4
15,447,4
19,447,4
5,447,4
17,447,4
18,447,4
20,447,4
7,447,4
16,447,5
12,447,5
11,447,5
9,447,4
10,447,4
14,447,4
2,447,5
13,447,4
1,447,5
8,447,4
3,447,5
6,447,4
4,447,5
13,448,4
8,448,3
18,448,4
7,448,4
16,448,4
1,448,5
4,448,5
9,448,4
15,448,4
17,448,4
11,448,4
5,448,4
6,448,4
3,448,4
19,448,4
14,448,4
20,448,4
9,449,4
12,449,4
16,449,5
15,449,5
18,449,5
8,449,4
4,449,4
7,449,4
14,449,5
19,449,5
5,449,4
17,449,4
1,449,4
10,449,4
20,449,4
13,449,4
11,449,4
6,449,4
2,449,4
18,450,4
17,450,4
9,450,4
4,450,5
12,450,4
3,450,4
11,450,4
1,450,4
20,450,3
6,450,4
14,450,4
15,450,4
13,450,4
5,450,5
7,450,3
19,450,4
10,450,4
14,451,5
5,451,4
7,451,4
1,451,4
20,451,3
16,451,5
6,451,4
12,451,4
8,451,4
10,451,4
15,451,5
3,451,4
18,451,5
2,451,4
4,451,4
11,451,4
19,451,5
13,451,4
9,451,4
16,452,4
13,452,5
7,452,4
3,452,4
5,452,5
11,452,5
9,452,4
4,452,4
18,452,4
17,452,4
12,452,5
15,452,4
8,452,4
1,452,4
20,452,4
19,452,4
14,452,4
7,453,4
11,453,5
5,453,5
1,453,4
17,453,4
4,453,4
10,453,4
9,453,4
8,453,4
3,453,4
20,453,4
6,453,4
14,453,4
19,453,4
18,453,4
8,454,4
20,454,4
17,454,4
15,454,4
1,454,5
7,454,4
16,454,5
13,454,4
14,454,4
5,454,5
4,454,5
9,454,4
19,454,5
3,454,4
11,454,5
9,455,4
8,455,4
3,455,4
19,455,5
17,455,4
16,455,5
20,455,4
18,455,5
14,455,5
12,455,4
4,455,4
7,455,4
6,455,4
15,455,5
5,455,4
10,455,4
1,455,4
13,455,4
2,455,4
11,455,4
10,456,4
3,456,4
7,456,3
5,456,4
6,456,4
12,456,4
9,456,4
8,456,4
11,456,4
15,456,4
14,456,4
19,456,4
18,456,4
4,456,4
16,456,4
2,456,4
1,456,4
13,456,4
20,456,4
17,456,4
18,457,4
16,457,4
6,457,4
1,457,5
3,457,4
13,457,4
15,457,4
12,457,4
19,457,4
17,457,4
8,457,4
9,457,4
14,457,5
7,457,3
5,457,4
4,457,5
2,457,5
3,458,4
19,458,5
1,458,4
17,458,4
15,458,5
10,458,4
5,458,5
13,458,5
7,458,4
6,458,4
18,458,4
12,458,4
20,458,4
16,458,4
2,458,5
9,458,5
8,458,4
4,458,5
14,458,5
11,458,5
19,459,4
2,459,4
15,459,4
16,459,4
7,459,4
10,459,4
14,459,5
20,459,4
17,459,4
13,459,4
12,459,5
5,459,4
11,459,5
4,459,4
1,459,4
18,459,4
10,460,4
17,460,4
15,460,4
13,460,5
3,460,4
1,460,5
8,460,4
11,460,4
5,460,4
14,460,4
2,460,5
16,460,4
20,460,4
4,460,5
19,460,4
7,460,5
6,460,4
18,460,4
12,460,5
9,460,4
5,461,4
11,461,4
1,461,5
2,461,5
3,461,3
13,461,4
7,461,4
16,461,4
9,461,4
18,461,4
10,461,4
19,461,4
12,461,4
20,461,3
14,461,4
7,462,4
11,462,4
13,462,5
16,462,4
14,462,4
6,462,4
8,462,4
10,462,4
15,462,4
2,462,4
18,462,4
17,462,4
5,462,5
1,462,4
4,462,4
19,462,4
12,462,4
14,463,4
11,463,5
8,463,4
5,463,5
17,463,4
4,463,4
3,463,4
10,463,4
16,463,4
20,463,4
1,463,4
18,463,4
6,463,4
19,463,4
7,463,3
10,464,4
8,464,4
15,464,5
12,464,4
13,464,4
5,464,4
6,464,4
1,464,4
4,464,4
7,464,4
2,464,4
18,464,4
14,464,4
17,464,4
9,464,4
20,464,4
16,464,4
19,464,4
11,464,4
3,464,4
9,465,4
7,465,3
16,465,4
15,465,4
10,465,4
13,465,5
11,465,5
4,465,4
2,465,4
17,465,4
8,465,4
19,465,4
18,465,4
14,465,4
5,465,5
3,465,4
6,465,4
20,465,4
12,466,5
19,466,4
3,466,4
18,466,4
6,466,4
20,466,4
17,466,4
2,466,4
4,466,4
1,466,4
8,466,4
7,466,4
16,466,5
10,466,4
15,466,4
9,466,4
11,466,5
14,466,5
5,466,5
18,467,4
7,467,3
17,467,4
5,467,5
6,467,4
1,467,4
8,467,4
10,467,4
9,467,4
20,467,3
2,467,4
14,467,4
15,467,4
4,467,4
11,467,5
6,468,4
17,468,4
1,468,4
13,468,4
20,468,4
18,468,4
15,468,4
14,468,4
10,468,4
5,468,5
19,468,4
3,468,4
11,468,5
4,468,4
9,468,4
16,468,4
12,468,5
2,468,4
7,468,4
8,468,4
14,469,4
9,469,4
6,469,4
1,469,4
18,469,4
19,469,4
8,469,3
12,469,5
15,469,4
2,469,4
3,469,4
5,469,5
10,469,4
16,469,4
13,469,5
11,469,5
7,469,4
4,469,4
17,469,4
20,469,4
2,470,4
7,470,4
20,470,4
5,470,4
3,470,4
14,470,4
17,470,4
16,470,4
19,470,4
4,470,4
6,470,4
15,470,4
1,470,4
9,470,4
18,470,4
12,470,5
8,470,4
13,470,5
5,471,5
19,471,5
8,471,4
9,471,4
17,471,4
2,471,4
13,471,4
4,471,4
12,471,5
11,471,5
1,471,4
16,471,5
6,471,4
20,471,4
14,471,5
18,471,5
10,471,4
3,471,4
7,471,4
17,472,3
6,472,4
9,472,4
10,472,4
2,472,5
4,472,5
15,472,4
1,472,5
19,472,4
13,472,4
7,472,5
14,472,4
3,472,4
20,472,4
5,472,4
16,472,4
11,472,4
4,473,4
5,473,5
20,473,4
17,473,4
2,473,4
14,473,4
11,473,5
18,473,4
15,473,4
13,473,4
10,473,4
6,473,4
19,473,4
8,473,4
9,473,4
1,473,5
3,473,4
12,473,5
7,473,4
6,474,4
8,474,4
7,474,4
9,474,4
14,474,4
4,474,4
17,474,4
13,474,5
5,474,5
12,474,5
19,474,4
3,474,4
15,474,4
10,474,4
16,474,4
1,474,4
11,474,5
18,474,4
2,474,4
20,474,4
20,475,4
4,475,4
12,475,5
16,475,4
14,475,4
17,475,4
6,475,4
10,475,4
7,475,4
13,475,5
19,475,4
18,475,4
15,475,4
8,475,4
5,475,5
11,475,5
2,475,4
1,475,4
3,475,4
9,476,4
18,476,4
12,476,5
13,476,4
11,476,5
7,476,4
4,476,5
16,476,4
15,476,4
2,476,5
14,476,4
8,476,4
17,476,4
1,476,4
20,476,4
6,476,4
10,476,4
5,476,5
6,477,4
16,477,4
5,477,5
7,477,4
13,477,4
15,477,4
20,477,4
17,477,4
4,477,4
2,477,4
3,477,4
12,477,4
1,477,4
8,477,4
18,477,4
14,477,4
10,477,4
11,477,4
9,477,4
8,478,4
11,478,5
2,478,4
16,478,4
7,478,4
20,478,4
6,478,4
12,478,5
5,478,4
13,478,4
3,478,4
4,478,5
18,478,4
1,478,4
10,478,4
15,478,5
17,478,4
19,478,4
9,478,4
19,479,4
17,479,4
7,479,4
8,479,3
5,479,5
14,479,4
16,479,4
10,479,4
18,479,4
11,479,4
12,479,4
2,479,5
3,479,4
9,479,4
20,479,4
13,479,4
19,480,4
11,480,4
9,480,4
8,480,4
14,480,4
2,480,5
3,480,4
5,480,4
18,480,4
12,480,4
1,480,5
16,480,4
17,480,3
7,480,4
13,480,4
5,481,4
8,481,4
10,481,4
20,481,4
16,481,4
7,481,4
13,481,4
11,481,5
17,481,4
12,481,5
1,481,4
15,481,4
4,481,4
9,481,4
6,481,4
14,481,4
3,481,4
2,481,4
19,481,4
18,481,4
8,482,4
19,482,4
13,482,5
3,482,4
10,482,4
1,482,4
16,482,4
15,482,5
14,482,4
9,482,4
4,482,4
5,482,5
17,482,4
2,482,4
7,482,4
12,482,5
11,482,5
16,483,4
15,483,4
7,483,4
9,483,4
2,483,5
6,483,4
11,483,4
19,483,4
13,483,4
5,483,4
18,483,4
20,483,3
3,483,4
17,483,4
10,483,4
8,483,4
12,483,4
14,483,4
1,483,5
14,484,4
5,484,5
10,484,4
15,484,5
1,484,4
13,484,5
9,484,4
19,484,4
8,484,4
18,484,4
16,484,5
7,484,4
3,484,5
20,484,4
6,484,4
12,484,4
2,484,5
17,484,4
11,484,5
4,484,5
1,485,4
16,485,4
12,485,5
20,485,4
15,485,4
4,485,5
9,485,4
17,485,4
6,485,4
19,485,4
10,485,4
14,485,4
5,485,4
2,485,4
3,485,4
18,485,5
8,485,4
11,485,5
17,486,4
20,486,4
14,486,4
5,486,4
4,486,4
10,486,4
3,486,4
19,486,4
7,486,4
12,486,4
1,486,4
18,486,4
6,486,4
9,486,4
8,486,4
2,486,4
13,486,4
11,486,4
1,487,5
10,487,4
16,487,4
2,487,5
8,487,3
17,487,4
9,487,4
20,487,3
13,487,4
5,487,4
11,487,4
12,487,4
7,487,4
6,487,3
19,487,4
14,487,5
18,487,4
4,487,5
9,488,5
16,488,5
13,488,5
4,488,4
2,488,5
10,488,4
18,488,4
20,488,4
19,488,4
8,488,4
1,488,5
3,488,4
17,488,5
11,488,5
14,488,4
5,488,4
12,488,4
15,488,4
11,489,5
17,489,4
13,489,5
9,489,4
10,489,4
12,489,5
7,489,4
3,489,4
20,489,4
4,489,4
2,489,4
1,489,4
18,489,4
5,489,5
6,489,4
7,490,4
1,490,4
13,490,4
3,490,4
4,490,5
9,490,4
2,490,4
15,490,5
18,490,4
12,490,5
6,490,4
16,490,4
5,490,5
20,490,4
11,490,5
10,490,4
19,490,4
17,490,4
14,490,4
8,490,4
10,491,4
14,491,4
13,491,4
3,491,4
18,491,4
6,491,4
20,491,4
15,491,5
17,491,4
1,491,4
11,491,4
12,491,4
8,491,4
16,491,4
4,491,4
19,491,4
9,491,4
7,491,4
15,492,4
7,492,4
12,492,5
9,492,4
20,492,4
5,492,4
19,492,4
6,492,4
2,492,5
10,492,4
11,492,4
16,492,4
8,492,4
18,492,4
14,492,5
3,492,5
17,492,4
1,492,4
4,492,5
5,493,5
11,493,5
20,493,4
3,493,4
10,493,4
9,493,4
6,493,4
1,493,5
18,493,4
13,493,4
15,493,5
7,493,4
17,493,4
4,493,5
14,493,4
12,493,4
1,494,4
12,494,5
8,494,4
6,494,4
17,494,4
7,494,3
10,494,4
9,494,4
20,494,3
14,494,4
5,494,5
16,494,4
18,494,4
19,494,4
4,494,4
2,495,4
11,495,4
16,495,5
10,495,4
1,495,4
13,495,4
7,495,4
20,495,4
5,495,5
8,495,4
14,495,4
12,495,4
18,495,4
19,495,4
15,495,4
6,495,4
9,495,4
3,495,4
3,496,4
13,496,4
1,496,4
18,496,4
12,496,5
14,496,4
9,496,5
19,496,5
8,496,4
6,496,4
10,496,4
7,496,4
11,496,5
17,496,4
4,496,5
15,496,5
4,497,4
16,497,4
6,497,4
3,497,4
10,497,4
1,497,4
15,497,5
17,497,4
8,497,4
18,497,5
12,497,5
11,497,5
7,497,4
2,497,4
20,497,4
14,497,4
19,497,5
13,497,5
9,497,4
5,497,5
16,498,4
4,498,4
10,498,4
20,498,4
17,498,4
6,498,4
3,498,4
9,498,4
7,498,4
13,498,4
5,498,5
14,498,4
18,498,4
15,498,4
8,498,4
19,498,4
1,498,4
13,499,4
3,499,4
11,499,5
16,499,5
12,499,5
18,499,4
7,499,4
17,499,4
10,499,4
1,499,5
4,499,5
2,499,4
14,499,4
20,499,4
19,499,5
5,499,4
9,499,4
8,499,4
6,499,4
15,499,4
6,500,4
1,500,5
12,500,5
9,500,4
3,500,3
17,500,4
10,500,4
8,500,5
11,500,4
5,500,5
2,500,5
15,500,4
14,500,4
16,500,4
18,500,4
7,500,5
